damage_percentage,num_damaged_regions,crack_density,texture_roughness,dark_surface_percentage,priority
19.071,4,0.00972,0.70119,18.082,High Priority
22.056,4,0.03538,0.436,14.052,High Priority
33.262,4,0.19846,0.19334,4.216,Critical Priority
24.086,1,0.00738,0.41185,40.634,Critical Priority
35.897,4,0.00862,0.3092,21.427,Critical Priority
44.502,8,0.14546,0.4748,20.382,Critical Priority
24.69,5,0.1743,0.64965,22.12,Critical Priority
10.203,0,0.05088,0.21183,8.042,Medium Priority
25.247,2,0.00397,0.18134,15.015,High Priority
45.79,0,0.0231,0.26483,2.567,Critical Priority
10.626,2,0.0377,0.46852,12.225,High Priority
27.475,0,0.05747,0.30724,22.019,Critical Priority
40.955,3,0.04063,0.35419,5.735,Critical Priority
15.101,0,0.00456,0.09936,15.998,Medium Priority
19.514,13,0.15512,0.26364,0.725,Critical Priority
17.485,1,0.03932,0.19096,11.967,Medium Priority
10.901,7,0.03381,0.04343,15.7,Medium Priority
8.104,1,0.03398,0.24523,16.938,Medium Priority
25.872,6,0.00804,0.19186,13.856,High Priority
25.711,2,0.17289,0.4328,12.295,Critical Priority
24.401,4,0.01282,0.27062,36.995,Critical Priority
11.2,13,0.05697,0.13533,25.431,High Priority
34.902,5,0.14414,0.37257,18.754,Critical Priority
5.176,0,0.01416,0.21684,28.785,Medium Priority
29.798,11,0.06913,0.37769,8.679,Critical Priority
21.942,6,0.08717,0.43095,12.601,Critical Priority
5.77,9,0.06271,0.50089,8.285,High Priority
32.731,11,0.06334,0.37941,10.326,Critical Priority
19.371,1,0.0225,0.18391,18.71,High Priority
58.283,1,0.04783,0.65473,10.315,Critical Priority
17.467,7,0.07075,0.14773,14.871,High Priority
51.087,0,0.07428,0.59747,17.354,Critical Priority
11.392,1,0.05329,0.18264,26.372,High Priority
3.413,2,0.065,0.1732,10.292,Medium Priority
46.705,10,0.02739,0.23198,7.689,Critical Priority
1.473,14,0.08099,0.38976,5.796,High Priority
7.79,0,0.05055,0.551,30.155,High Priority
34.525,3,0.28805,0.28181,12.18,Critical Priority
18.299,6,0.01446,0.09188,10.327,Medium Priority
19.709,2,0.10889,0.17135,19.213,Critical Priority
44.114,3,0.10691,0.54948,5.638,Critical Priority
36.475,1,0.00285,0.49559,30.133,Critical Priority
13.645,7,0.06804,0.1476,10.676,High Priority
2.806,7,0.14852,0.05582,22.547,Critical Priority
11.416,2,0.08117,0.33251,9.784,High Priority
12.075,2,0.17876,0.10853,18.505,Critical Priority
37.522,1,0.12496,0.30591,13.783,Critical Priority
51.903,0,0.05544,0.08332,13.56,Critical Priority
5.097,4,0.04837,0.23138,19.036,High Priority
17.605,10,0.03194,0.5635,8.466,High Priority
45.942,0,0.04834,0.57473,13.687,Critical Priority
13.544,2,0.02273,0.66243,18.527,High Priority
34.217,10,0.0098,0.57327,8.547,Critical Priority
30.802,8,0.07776,0.28425,22.34,Critical Priority
29.88,6,0.02802,0.07267,13.897,High Priority
15.687,0,0.20658,0.34885,6.617,Critical Priority
9.21,5,0.0597,0.47973,13.769,High Priority
17.723,1,0.02179,0.25216,5.812,Medium Priority
32.095,7,0.17598,0.71082,12.632,Critical Priority
1.616,1,0.07594,0.10051,13.771,Medium Priority
64.803,0,0.08904,0.38377,0.975,Critical Priority
1.011,3,0.02024,0.63972,15.046,Medium Priority
2.327,1,0.01186,0.44444,8.624,Medium Priority
7.889,4,0.06819,0.26151,7.657,Medium Priority
13.977,1,0.06254,0.12204,15.508,High Priority
19.774,7,0.01206,0.26251,4.128,High Priority
19.95,3,0.11415,0.32341,7.123,Critical Priority
21.922,1,0.08974,0.25942,28.451,Critical Priority
10.943,6,0.20158,0.56662,3.672,Critical Priority
54.41,11,0.13576,0.02764,11.105,Critical Priority
15.977,11,0.0975,0.42618,7.435,Critical Priority
20.213,19,0.0454,0.19619,14.734,Critical Priority
5.926,5,0.08138,0.62244,6.803,High Priority
17.497,4,0.24348,0.08563,9.238,Critical Priority
46.222,0,0.00564,0.1463,7.409,High Priority
45.623,1,0.24839,0.22405,24.947,Critical Priority
38.229,1,0.04117,0.08934,15.374,Critical Priority
21.676,3,0.04026,0.16948,4.446,High Priority
19.924,8,0.15112,0.2373,2.737,Critical Priority
38.813,3,0.21819,0.54747,1.382,Critical Priority
14.784,1,0.21432,0.26884,0.997,Critical Priority
31.65,2,0.23872,0.19451,13.078,Critical Priority
25.321,0,0.00497,0.80469,8.893,Critical Priority
23.168,1,0.11084,0.58523,15.547,Critical Priority
41.65,0,0.08848,0.29403,44.518,Critical Priority
5.024,3,0.12868,0.24866,10.006,High Priority
26.747,13,0.05924,0.39954,28.672,Critical Priority
53.099,2,0.12226,0.64842,13.472,Critical Priority
18.253,7,0.02844,0.60652,9.892,High Priority
26.022,5,0.11593,0.30138,10.612,Critical Priority
21.405,4,0.15609,0.48988,14.799,Critical Priority
15.466,8,0.02232,0.11776,44.128,High Priority
3.953,4,0.0782,0.25676,19.066,High Priority
6.712,4,0.24246,0.47931,0.481,Critical Priority
32.703,2,0.03911,0.1332,11.796,High Priority
79.368,6,0.14209,0.58788,11.052,Critical Priority
8.354,1,0.04184,0.28807,23.371,High Priority
7.88,6,0.05911,0.08166,10.086,Medium Priority
27.657,19,0.03745,0.2579,17.404,Critical Priority
25.886,1,0.12316,0.60315,10.298,Critical Priority
30.239,6,0.06734,0.13611,22.0,Critical Priority
26.476,7,0.11872,0.143,4.297,Critical Priority
11.874,0,0.05821,0.32729,23.305,High Priority
17.079,5,0.05056,0.46734,6.532,High Priority
29.895,3,0.08793,0.68149,1.875,Critical Priority
50.577,3,0.01953,0.31214,11.897,Critical Priority
17.934,10,0.15051,0.17356,17.673,Critical Priority
17.479,1,0.01183,0.42567,4.007,Medium Priority
49.949,19,0.02314,0.07261,11.306,Critical Priority
7.678,3,0.12486,0.75103,1.798,Critical Priority
40.79,0,0.10607,0.30114,12.585,Critical Priority
12.196,0,0.18696,0.06553,1.912,Critical Priority
28.79,8,0.17264,0.22221,0.617,Critical Priority
26.731,7,0.11041,0.2418,2.459,Critical Priority
9.114,6,0.06676,0.41464,1.516,High Priority
14.385,0,0.1173,0.50507,16.903,Critical Priority
22.536,5,0.04946,0.54584,14.423,Critical Priority
5.51,27,0.18981,0.32603,1.693,Critical Priority
10.494,7,0.19563,0.21682,22.875,Critical Priority
27.971,1,0.03986,0.15537,5.556,High Priority
21.12,7,0.06463,0.41128,2.395,Critical Priority
18.513,0,0.19314,0.32605,34.396,Critical Priority
21.817,1,0.03752,0.40262,2.472,High Priority
14.317,11,0.0946,0.1954,9.511,High Priority
20.893,7,0.1247,0.7326,8.99,Critical Priority
17.985,7,0.04788,0.47101,17.442,Critical Priority
5.821,5,0.0889,0.24799,9.739,High Priority
50.515,10,0.16001,0.60746,7.248,Critical Priority
63.604,1,0.00479,0.39672,36.544,Critical Priority
3.218,13,0.04616,0.49404,3.341,High Priority
26.393,7,0.02257,0.14654,10.918,High Priority
45.857,0,0.02826,0.33234,22.766,Critical Priority
28.11,8,0.19563,0.92471,17.742,Critical Priority
40.352,4,0.07388,0.20414,2.759,Critical Priority
17.854,4,0.13651,0.13014,15.882,Critical Priority
4.285,8,0.04279,0.41637,20.911,High Priority
1.087,2,0.10342,0.30673,7.449,High Priority
26.005,0,0.14375,0.16368,2.713,Critical Priority
18.031,16,0.21266,0.26159,18.616,Critical Priority
23.44,16,0.22474,0.15781,4.048,Critical Priority
25.026,7,0.19602,0.21357,21.344,Critical Priority
6.964,7,0.06679,0.129,27.688,High Priority
18.603,8,0.0524,0.49357,4.321,High Priority
35.984,24,0.01385,0.30654,1.24,Critical Priority
46.045,0,0.11196,0.09302,25.716,Critical Priority
22.45,0,0.07624,0.60445,18.635,Critical Priority
44.243,1,0.1737,0.28966,42.824,Critical Priority
12.077,4,0.0333,0.12368,19.586,Medium Priority
5.485,7,0.08708,0.55348,2.249,High Priority
2.792,3,0.05924,0.80773,30.328,Critical Priority
24.118,5,0.04842,0.34451,7.534,High Priority
11.696,2,0.24289,0.49312,8.41,Critical Priority
18.512,3,0.01324,0.39825,12.687,High Priority
8.499,2,0.05212,0.32873,32.234,High Priority
4.446,4,0.05249,0.39312,0.105,Medium Priority
6.159,0,0.08158,0.17072,14.494,Medium Priority
37.979,0,0.01422,0.79473,13.952,Critical Priority
12.491,3,0.12911,0.11272,19.517,Critical Priority
31.385,2,0.05346,0.21491,14.131,High Priority
3.863,2,0.14624,0.38506,2.371,Critical Priority
16.249,11,0.27582,0.32544,17.255,Critical Priority
13.89,27,0.09771,0.68888,7.365,Critical Priority
1.684,4,0.11706,0.18996,0.622,High Priority
12.045,0,0.14006,0.18502,9.969,High Priority
4.95,7,0.10716,0.13635,24.37,High Priority
32.747,4,0.02404,0.62294,4.979,Critical Priority
38.825,7,0.01694,0.14816,29.359,Critical Priority
61.656,5,0.29675,0.56485,32.201,Critical Priority
8.887,0,0.01387,0.44652,25.853,High Priority
3.898,5,0.04366,0.24558,21.669,Medium Priority
40.48,5,0.11456,0.24314,33.687,Critical Priority
16.285,18,0.20801,0.29634,28.659,Critical Priority
19.729,11,0.01611,0.42041,11.699,High Priority
45.072,21,0.1423,0.5315,36.325,Critical Priority
37.498,14,0.12134,0.53375,29.23,Critical Priority
17.947,0,0.02826,0.18984,40.551,High Priority
28.085,0,0.07088,0.68616,12.988,Critical Priority
5.43,10,0.04629,0.25384,21.37,High Priority
4.81,7,0.01159,0.53313,10.803,Medium Priority
9.35,0,0.17649,0.24525,7.017,Critical Priority
29.382,0,0.20107,0.44702,15.512,Critical Priority
31.87,6,0.00423,0.63333,10.546,Critical Priority
15.639,2,0.01935,0.41743,0.817,Medium Priority
1.019,6,0.17518,0.68507,12.532,Critical Priority
36.472,2,0.06126,0.09709,4.543,High Priority
22.412,1,0.04333,0.25533,13.61,High Priority
18.554,16,0.01716,0.24006,15.495,High Priority
1.991,1,0.02819,0.57891,13.432,Medium Priority
7.131,11,0.02198,0.40594,5.332,Medium Priority
52.868,1,0.1401,0.23093,10.055,Critical Priority
29.636,0,0.05503,0.256,29.585,Critical Priority
59.629,0,0.04659,0.7624,11.314,Critical Priority
20.184,3,0.09752,0.24881,17.73,Critical Priority
28.435,6,0.0241,0.29816,4.251,High Priority
34.302,0,0.05583,0.08428,10.311,High Priority
44.538,2,0.05574,0.61479,20.505,Critical Priority
30.56,2,0.10251,0.36492,2.048,Critical Priority
21.297,2,0.0677,0.24711,10.123,High Priority
48.309,7,0.08541,0.19684,4.747,Critical Priority
31.058,2,0.21199,0.31935,9.899,Critical Priority
8.324,4,0.134,0.37633,21.331,Critical Priority
1.449,4,0.1144,0.03032,5.739,High Priority
46.455,2,0.03259,0.24318,18.702,Critical Priority
16.429,0,0.03095,0.40501,3.906,High Priority
20.427,1,0.06259,0.41911,16.52,High Priority
15.521,0,0.03632,0.41662,18.411,High Priority
13.699,2,0.07503,0.51793,8.526,High Priority
28.659,5,0.03437,0.36084,2.262,High Priority
15.412,4,0.07413,0.07307,3.132,High Priority
13.32,10,0.0821,0.46905,33.382,Critical Priority
38.535,4,0.06509,0.14384,28.693,Critical Priority
11.665,1,0.14861,0.40813,10.005,Critical Priority
30.749,1,0.08268,0.14572,11.122,Critical Priority
46.29,6,0.13088,0.36782,6.389,Critical Priority
73.326,0,0.18394,0.28906,31.001,Critical Priority
10.573,0,0.04282,0.57664,23.507,High Priority
21.572,15,0.19021,0.268,39.497,Critical Priority
8.0,3,0.00496,0.43222,15.813,Medium Priority
19.583,3,0.12508,0.73903,10.24,Critical Priority
10.814,5,0.06406,0.45863,6.881,High Priority
56.33,11,0.06091,0.19004,28.154,Critical Priority
20.596,9,0.03507,0.14044,1.854,Medium Priority
34.974,3,0.18373,0.24283,29.089,Critical Priority
4.116,6,0.0756,0.63009,9.588,High Priority
11.081,3,0.15086,0.13468,15.107,Critical Priority
20.436,11,0.00951,0.2164,10.121,High Priority
24.086,5,0.00017,0.48764,14.591,High Priority
22.737,4,0.13929,0.19125,25.102,Critical Priority
16.317,4,0.0715,0.29224,0.27,High Priority
8.129,0,0.01057,0.1778,12.563,Medium Priority
23.346,11,0.09598,0.68266,3.531,Critical Priority
45.467,15,0.1771,0.62971,4.033,Critical Priority
23.148,1,0.05401,0.38982,19.242,Critical Priority
19.183,0,0.13926,0.16066,10.417,Critical Priority
13.276,2,0.15116,0.59324,1.532,Critical Priority
37.145,2,0.03651,0.05012,3.335,High Priority
32.776,4,0.16339,0.12148,12.289,Critical Priority
25.082,1,0.06038,0.30877,2.063,High Priority
22.052,1,0.151,0.1647,22.731,Critical Priority
2.03,3,0.23671,0.53186,38.47,Critical Priority
13.035,0,0.02195,0.06347,4.174,Medium Priority
11.342,1,0.04784,0.12844,5.754,Medium Priority
7.727,7,0.24216,0.38387,11.314,Critical Priority
11.578,0,0.05942,0.20865,2.999,Medium Priority
14.657,15,0.08617,0.06625,3.307,High Priority
4.902,5,0.07308,0.35925,2.394,High Priority
3.495,9,0.02392,0.1578,4.37,Medium Priority
20.595,0,0.16517,0.54847,22.041,Critical Priority
4.988,2,0.09719,0.47719,16.361,Critical Priority
19.692,8,0.07499,0.23801,23.26,Critical Priority
13.882,2,0.01382,0.29688,12.138,Medium Priority
22.443,20,0.02564,0.27748,11.412,Critical Priority
14.206,6,0.2318,0.43319,9.769,Critical Priority
23.985,22,0.11293,0.44521,11.53,Critical Priority
7.015,1,0.10661,0.34764,11.49,High Priority
7.054,13,0.1758,0.25412,22.923,Critical Priority
13.367,0,0.0764,0.54642,6.336,High Priority
55.015,8,0.04415,0.52249,9.896,Critical Priority
13.063,4,0.15998,0.4411,9.586,Critical Priority
16.321,0,0.08699,0.04264,20.719,High Priority
28.075,0,0.09258,0.33921,26.122,Critical Priority
6.062,6,0.03328,0.21777,12.55,Medium Priority
12.663,1,0.1206,0.30126,26.823,High Priority
14.228,1,0.02578,0.13525,17.322,Medium Priority
36.131,14,0.09565,0.53776,4.772,Critical Priority
21.333,0,0.1748,0.08715,9.167,Critical Priority
21.199,2,0.04923,0.22223,19.001,High Priority
18.109,1,0.00449,0.14651,3.071,Medium Priority
45.329,8,0.03876,0.13081,14.203,Critical Priority
24.031,10,0.06697,0.57966,12.098,Critical Priority
48.072,2,0.01371,0.40425,23.376,Critical Priority
20.382,6,0.07611,0.56997,3.11,Critical Priority
36.429,1,0.0062,0.13999,4.684,High Priority
36.682,11,0.08347,0.33956,13.795,Critical Priority
39.941,0,0.01282,0.50742,25.279,Critical Priority
15.847,9,0.04789,0.09773,14.774,High Priority
33.525,3,0.15,0.13294,24.418,Critical Priority
22.303,4,0.04294,0.2852,25.048,High Priority
6.94,7,0.04259,0.34498,38.011,High Priority
17.718,1,0.04118,0.01867,4.874,Medium Priority
24.196,5,0.11616,0.04249,17.648,Critical Priority
7.729,3,0.01812,0.62382,18.883,High Priority
18.464,4,0.07363,0.05094,9.832,High Priority
42.415,2,0.02867,0.13774,4.61,High Priority
9.796,0,0.01867,0.36167,32.606,High Priority
40.151,11,0.00649,0.21383,2.972,High Priority
48.659,4,0.04265,0.14899,17.626,Critical Priority
9.619,2,0.0095,0.10182,3.543,Medium Priority
9.908,6,0.025,0.35982,4.753,Medium Priority
41.725,1,0.00535,0.70922,11.816,Critical Priority
13.011,14,0.08295,0.00907,24.198,High Priority
5.024,0,0.07066,0.25111,23.097,High Priority
5.54,4,0.05673,0.74757,0.909,High Priority
52.83,15,0.04789,0.49224,27.061,Critical Priority
2.789,15,0.21506,0.27583,22.201,Critical Priority
2.94,1,0.0184,0.1913,7.777,Low Priority
19.871,0,0.10859,0.35433,11.169,Critical Priority
46.633,2,0.10348,0.06853,7.11,Critical Priority
26.898,1,0.14484,0.45062,23.137,Critical Priority
28.85,3,0.13266,0.61147,6.08,Critical Priority
62.151,1,0.01396,0.67742,14.156,Critical Priority
8.798,0,0.03093,0.17833,18.28,Medium Priority
23.993,1,0.02143,0.61486,23.938,Critical Priority
7.792,15,0.08113,0.63361,13.73,Critical Priority
17.84,0,0.06574,0.45883,40.599,Critical Priority
14.572,1,0.01291,0.23374,17.278,Medium Priority
28.85,2,0.0114,0.35021,10.7,High Priority
27.477,6,0.03075,0.13876,7.617,High Priority
9.749,9,0.01743,0.32824,10.659,High Priority
6.284,4,0.33332,0.1126,23.063,Critical Priority
7.721,15,0.11831,0.34158,4.024,Critical Priority
57.227,1,0.11531,0.21856,7.438,Critical Priority
12.406,10,0.0813,0.22224,22.643,Critical Priority
4.702,3,0.00271,0.30567,7.138,Medium Priority
40.829,6,0.00663,0.29708,10.605,Critical Priority
11.761,0,0.13621,0.34815,5.651,Critical Priority
12.848,4,0.06395,0.25224,12.331,High Priority
14.457,5,0.12948,0.0455,28.601,Critical Priority
25.135,7,0.14237,0.32219,28.136,Critical Priority
39.052,26,0.06224,0.12597,3.074,Critical Priority
11.567,13,0.09856,0.40452,19.501,Critical Priority
40.814,3,0.02805,0.26974,18.352,Critical Priority
30.128,2,0.11935,0.55944,2.267,Critical Priority
14.591,2,0.09013,0.35072,3.163,Critical Priority
34.792,18,0.09889,0.54224,21.1,Critical Priority
40.907,1,0.0542,0.29246,1.263,Critical Priority
21.701,20,0.02107,0.12456,8.14,High Priority
66.57,6,0.27632,0.38426,13.687,Critical Priority
43.693,2,0.08406,0.13259,0.861,Critical Priority
28.857,10,0.08654,0.24134,9.809,Critical Priority
44.803,1,0.02993,0.04749,11.524,Critical Priority
45.608,6,0.07515,0.45451,13.217,Critical Priority
2.234,2,0.02272,0.68341,7.553,Medium Priority
2.335,3,0.03679,0.29757,5.148,Medium Priority
6.193,7,0.13738,0.25495,19.003,Critical Priority
42.171,5,0.17424,0.3309,16.033,Critical Priority
14.395,0,0.23642,0.30917,8.347,Critical Priority
5.557,2,0.05836,0.69028,1.211,High Priority
10.872,3,0.00188,0.34644,5.441,Medium Priority
25.631,1,0.06409,0.52798,20.623,Critical Priority
32.331,5,0.11482,0.56393,12.18,Critical Priority
11.631,2,0.0844,0.49156,6.028,High Priority
29.98,6,0.04401,0.43788,20.904,Critical Priority
31.654,0,0.07785,0.10778,16.555,Critical Priority
53.769,14,0.13791,0.26089,11.411,Critical Priority
24.096,1,0.00942,0.30143,2.151,Medium Priority
81.616,2,0.00083,0.11482,10.825,Critical Priority
16.994,2,0.0169,0.34895,6.968,Medium Priority
10.39,1,0.02675,0.29858,20.172,Medium Priority
38.556,2,0.01312,0.20376,13.221,High Priority
51.54,2,0.13652,0.27038,17.987,Critical Priority
4.994,0,0.02,0.05077,46.961,High Priority
10.107,2,0.04214,0.46264,10.795,High Priority
25.633,0,0.08921,0.51535,5.978,Critical Priority
41.367,6,0.11732,0.2569,8.195,Critical Priority
6.12,5,0.14173,0.14212,33.418,Critical Priority
22.064,4,0.10706,0.44472,10.68,Critical Priority
53.656,3,0.05849,0.03533,8.744,Critical Priority
27.64,3,0.03622,0.28202,15.098,High Priority
17.838,11,0.07364,0.10108,2.737,High Priority
58.957,1,0.05053,0.07364,28.478,Critical Priority
34.129,4,0.03079,0.28662,9.588,Critical Priority
39.762,20,0.03936,0.56721,16.174,Critical Priority
51.334,2,0.01974,0.28393,13.769,Critical Priority
31.884,1,0.04974,0.19683,13.352,Critical Priority
17.717,2,0.10054,0.09224,15.685,High Priority
32.81,2,0.03433,0.57571,11.39,Critical Priority
26.759,2,0.21197,0.0541,24.734,Critical Priority
11.265,0,0.09858,0.60837,8.187,Critical Priority
68.881,3,0.14022,0.18669,14.83,Critical Priority
31.499,5,0.13265,0.39386,3.818,Critical Priority
40.914,0,0.19083,0.24057,9.417,Critical Priority
33.289,1,0.02116,0.37141,8.159,Critical Priority
4.223,2,0.05536,0.41384,16.788,High Priority
29.628,5,0.18453,0.34856,18.7,Critical Priority
11.406,1,0.10164,0.31712,16.958,High Priority
7.997,2,0.10376,0.08473,6.072,High Priority
21.123,8,0.09204,0.64657,4.036,Critical Priority
18.435,13,0.05646,0.36082,11.422,Critical Priority
54.686,1,0.16885,0.68243,4.73,Critical Priority
14.795,1,0.00701,0.08066,2.699,Low Priority
11.63,2,0.18276,0.11838,11.108,Critical Priority
13.928,5,0.02886,0.06948,18.366,Medium Priority
37.324,0,0.06318,0.44483,15.626,Critical Priority
4.435,0,0.05732,0.6942,18.023,High Priority
34.392,19,0.01314,0.45387,29.655,Critical Priority
22.849,0,0.07269,0.46441,5.735,Critical Priority
33.509,4,0.06573,0.15437,29.825,Critical Priority
19.165,9,0.09146,0.39521,1.068,Critical Priority
33.687,2,0.03938,0.24087,25.332,Critical Priority
33.733,0,0.01984,0.33804,36.27,Critical Priority
10.769,5,0.04311,0.16675,13.741,High Priority
3.552,0,0.22594,0.13347,5.125,Critical Priority
32.118,0,0.03994,0.21814,7.78,Critical Priority
26.689,3,0.01762,0.34317,15.896,High Priority
22.157,3,0.01565,0.67082,21.682,Critical Priority
40.095,15,0.05861,0.03305,10.985,Critical Priority
6.057,0,0.06466,0.18963,22.19,High Priority
24.926,2,0.0217,0.57821,22.899,Critical Priority
4.442,13,0.00994,0.13924,3.534,Medium Priority
2.437,0,0.15486,0.52054,5.777,High Priority
26.355,8,0.21028,0.60429,3.39,Critical Priority
15.9,0,0.09508,0.21213,40.362,Critical Priority
50.782,3,0.12717,0.58586,34.182,Critical Priority
9.887,5,0.00325,0.28225,6.679,Medium Priority
28.075,1,0.14579,0.31956,27.714,Critical Priority
34.302,1,0.18434,0.29671,21.893,Critical Priority
9.389,3,0.10501,0.46965,1.56,High Priority
28.087,1,0.05472,0.41226,23.252,Critical Priority
14.119,8,0.1354,0.44548,3.496,Critical Priority
25.702,5,0.108,0.48505,11.694,Critical Priority
19.547,0,0.21734,0.46694,3.861,Critical Priority
10.576,1,0.07474,0.62861,5.307,High Priority
14.329,2,0.01773,0.22111,13.276,Medium Priority
15.432,1,0.07695,0.16602,12.982,High Priority
12.035,8,0.04409,0.15515,14.718,High Priority
21.189,14,0.07008,0.37343,25.609,Critical Priority
17.769,0,0.17726,0.2424,8.637,Critical Priority
11.604,2,0.00624,0.28248,20.031,Medium Priority
20.471,0,0.06166,0.33881,0.965,High Priority
16.533,0,0.11392,0.45951,24.718,Critical Priority
13.41,10,0.03944,0.27946,33.048,Critical Priority
13.532,1,0.04809,0.3057,24.42,High Priority
10.829,5,0.07851,0.27617,34.607,Critical Priority
54.243,2,0.06759,0.04336,17.365,Critical Priority
36.62,11,0.02006,0.25452,7.513,Critical Priority
47.048,0,0.04423,0.55574,24.775,Critical Priority
43.921,1,0.12948,0.05799,1.419,Critical Priority
17.494,3,0.00343,0.20691,6.658,Medium Priority
22.681,1,0.03977,0.69924,3.411,High Priority
2.065,4,0.00669,0.30778,5.172,Low Priority
26.083,1,0.04911,0.46901,19.224,High Priority
20.793,7,0.02924,0.07761,8.83,High Priority
2.796,1,0.06354,0.47656,10.937,High Priority
16.545,15,0.24213,0.11263,10.403,Critical Priority
60.328,6,0.11309,0.61952,3.125,Critical Priority
8.724,5,0.01812,0.23936,17.917,High Priority
41.216,1,0.00994,0.57305,8.952,Critical Priority
9.625,0,0.14417,0.12914,24.72,High Priority
54.31,2,0.07814,0.38339,14.462,Critical Priority
15.772,1,0.09216,0.49394,10.331,Critical Priority
13.131,0,0.00941,0.29192,10.263,Medium Priority
65.347,4,0.0179,0.53284,26.754,Critical Priority
11.697,8,0.01455,0.1365,24.84,Medium Priority
22.807,1,0.20049,0.29661,22.461,Critical Priority
42.243,0,0.02132,0.22327,4.467,High Priority
4.806,0,0.14058,0.22936,29.127,Critical Priority
2.082,20,0.06201,0.21775,0.904,Medium Priority
22.252,12,0.13095,0.44724,9.327,Critical Priority
16.318,0,0.05746,0.36774,7.466,High Priority
11.656,6,0.20879,0.23262,4.487,Critical Priority
32.364,1,0.05169,0.48614,16.919,Critical Priority
42.626,0,0.10401,0.68414,7.033,Critical Priority
23.668,3,0.07892,0.30022,15.312,Critical Priority
37.655,1,0.03107,0.09431,10.928,High Priority
26.275,1,0.0302,0.21851,9.427,High Priority
18.753,2,0.10669,0.55972,13.203,Critical Priority
16.382,1,0.24763,0.04407,17.238,Critical Priority
25.626,1,0.05166,0.14979,25.018,High Priority
23.38,1,0.01638,0.45267,1.892,High Priority
35.71,0,0.09508,0.56104,0.839,Critical Priority
4.984,0,0.02631,0.28002,5.406,Medium Priority
18.611,2,0.08882,0.47586,7.962,Critical Priority
7.21,5,0.06794,0.36819,6.795,High Priority
7.385,0,0.13741,0.28325,10.242,High Priority
34.653,5,0.02414,0.53693,30.602,Critical Priority
28.434,3,0.06102,0.14683,19.294,Critical Priority
20.646,0,0.20569,0.33185,8.067,Critical Priority
0.979,0,0.2162,0.59711,16.947,Critical Priority
1.676,0,0.02189,0.45187,6.658,Medium Priority
19.548,1,0.09955,0.54005,5.076,Critical Priority
19.027,3,0.31128,0.31313,0.709,Critical Priority
26.838,1,0.20368,0.72495,4.8,Critical Priority
10.134,2,0.11061,0.61493,12.622,Critical Priority
4.498,12,0.07022,0.72258,20.475,Critical Priority
28.557,22,0.07362,0.56848,10.388,Critical Priority
19.031,3,0.00248,0.13966,28.358,High Priority
69.978,1,0.01444,0.49849,31.042,Critical Priority
55.18,1,0.12857,0.21143,15.808,Critical Priority
26.072,2,0.04343,0.1967,15.883,High Priority
9.53,2,0.04497,0.45536,3.984,High Priority
35.846,1,0.02452,0.30495,5.055,High Priority
26.074,10,0.01188,0.19747,8.955,High Priority
8.929,2,0.01092,0.08059,6.727,Medium Priority
48.267,3,0.07358,0.27515,19.587,Critical Priority
3.321,18,0.09435,0.53269,7.563,High Priority
48.622,4,0.01597,0.04362,2.93,High Priority
17.562,9,0.11149,0.12573,6.335,High Priority
7.631,2,0.30511,0.26675,13.542,Critical Priority
12.613,11,0.09633,0.42933,34.19,Critical Priority
28.364,1,0.13362,0.35188,25.925,Critical Priority
35.859,0,0.06822,0.18065,26.017,Critical Priority
38.702,8,0.0924,0.15121,7.965,Critical Priority
19.628,1,0.09497,0.27973,8.146,High Priority
13.741,4,0.0421,0.50589,4.317,High Priority
21.595,3,0.08252,0.42029,18.881,Critical Priority
3.691,0,0.06141,0.54642,3.041,Medium Priority
31.425,1,0.01549,0.60221,11.089,Critical Priority
8.675,16,0.1749,0.64655,3.68,Critical Priority
10.058,15,0.00076,0.28182,15.948,Medium Priority
51.756,3,0.04568,0.32287,25.409,Critical Priority
17.028,1,0.05428,0.43673,7.098,High Priority
18.716,5,0.06111,0.24927,9.727,High Priority
9.256,9,0.00566,0.56785,13.822,High Priority
10.046,14,0.02461,0.58766,15.979,High Priority
15.936,1,0.09589,0.57045,23.559,Critical Priority
16.416,1,0.06019,0.32967,16.087,High Priority
10.897,0,0.10392,0.67635,5.217,Critical Priority
32.845,0,0.29099,0.36987,11.288,Critical Priority
38.839,1,0.05434,0.08068,9.419,High Priority
6.251,0,0.04192,0.50677,15.372,High Priority
11.564,5,0.06686,0.57889,6.548,High Priority
24.981,2,0.06799,0.13526,19.232,High Priority
22.345,1,0.08536,0.12242,10.177,High Priority
26.95,4,0.05334,0.23575,13.194,High Priority
30.138,4,0.21067,0.36308,7.38,Critical Priority
34.778,1,0.05654,0.26533,6.143,Critical Priority
21.108,5,0.27777,0.25599,0.66,Critical Priority
0.774,14,0.05845,0.347,14.73,High Priority
4.125,10,0.02506,0.12185,7.112,Medium Priority
23.697,0,0.02162,0.16134,4.383,Medium Priority
21.903,2,0.09063,0.05898,33.232,Critical Priority
15.733,6,0.03066,0.45885,24.355,High Priority
30.842,9,0.11735,0.21932,19.994,Critical Priority
9.585,1,0.01895,0.58387,15.132,High Priority
8.24,8,0.00937,0.53859,5.835,Medium Priority
29.708,4,0.00893,0.47519,19.54,High Priority
19.36,10,0.15329,0.45904,2.059,Critical Priority
37.477,4,0.01011,0.17963,10.674,High Priority
9.184,11,0.132,0.43504,27.882,Critical Priority
25.658,0,0.07918,0.42568,11.049,Critical Priority
20.362,18,0.13816,0.0694,25.308,Critical Priority
21.275,0,0.16958,0.27991,6.517,Critical Priority
7.435,7,0.02812,0.11032,4.094,Medium Priority
15.87,0,0.08791,0.48917,28.48,Critical Priority
15.257,11,0.09523,0.23237,27.698,Critical Priority
8.34,0,0.17275,0.19289,6.241,Critical Priority
19.917,4,0.0017,0.61178,4.353,High Priority
7.859,3,0.01941,0.21558,28.401,High Priority
37.523,1,0.0267,0.33835,31.821,Critical Priority
10.358,10,0.06268,0.43091,40.665,Critical Priority
21.317,3,0.21257,0.20557,16.856,Critical Priority
15.139,4,0.1197,0.50907,11.034,Critical Priority
2.557,1,0.03982,0.36747,22.707,High Priority
43.622,13,0.09183,0.4621,6.513,Critical Priority
7.101,5,0.10175,0.33898,23.414,High Priority
18.896,2,0.07207,0.09779,25.951,High Priority
12.192,5,0.12196,0.42563,4.844,Critical Priority
42.463,6,0.04601,0.30246,7.868,Critical Priority
22.91,1,0.1509,0.29286,43.944,Critical Priority
51.268,7,0.19035,0.0594,12.198,Critical Priority
25.747,1,0.17883,0.30252,14.686,Critical Priority
20.731,5,0.00015,0.25377,19.349,High Priority
6.303,1,0.12259,0.17489,26.812,Critical Priority
48.596,1,0.00304,0.25342,7.499,Critical Priority
7.993,3,0.04515,0.43161,8.867,High Priority
27.432,1,0.11989,0.42435,12.763,Critical Priority
57.567,0,0.07442,0.10241,3.659,Critical Priority
46.946,8,0.1157,0.29809,14.907,Critical Priority
28.608,23,0.07207,0.45562,27.629,Critical Priority
22.054,6,0.10272,0.68573,11.117,Critical Priority
17.395,13,0.14623,0.22155,9.22,Critical Priority
0.441,6,0.17045,0.36667,8.12,Critical Priority
22.391,24,0.07176,0.10457,16.487,Critical Priority
21.375,2,0.0111,0.40268,2.286,High Priority
35.158,3,0.23973,0.51743,0.809,Critical Priority
7.843,2,0.00626,0.50787,14.454,Medium Priority
32.934,17,0.15909,0.48182,7.944,Critical Priority
22.789,3,0.04508,0.30966,31.77,High Priority
18.1,11,0.06832,0.29843,15.004,Critical Priority
18.728,0,0.04277,0.37132,11.271,High Priority
15.96,1,0.09263,0.49184,44.708,Critical Priority
13.63,4,0.03671,0.4106,27.035,High Priority
32.293,2,0.0283,0.65127,15.948,Critical Priority
36.574,1,0.10514,0.54074,1.871,Critical Priority
7.212,2,0.06782,0.42635,6.421,Medium Priority
18.134,1,0.03009,0.54053,9.827,High Priority
1.601,9,0.11881,0.13168,1.59,High Priority
31.353,1,0.12704,0.50308,13.111,Critical Priority
28.547,5,0.02721,0.38647,10.951,Critical Priority
50.389,0,0.05681,0.60559,0.945,Critical Priority
70.806,8,0.11175,0.2955,3.67,Critical Priority
34.686,1,0.08483,0.25325,23.426,Critical Priority
37.026,2,0.03082,0.57742,2.654,Critical Priority
30.681,8,0.00246,0.13391,10.234,High Priority
14.632,1,0.06675,0.24645,3.753,High Priority
6.175,9,0.02965,0.51345,7.293,High Priority
48.586,1,0.0955,0.30479,3.352,Critical Priority
7.058,2,0.0905,0.34169,16.4,High Priority
12.358,11,0.24003,0.65121,10.133,Critical Priority
22.835,0,0.02085,0.37998,13.177,High Priority
2.636,2,0.07908,0.38331,18.321,High Priority
1.938,2,0.0111,0.25949,15.43,Medium Priority
3.605,5,0.01713,0.03284,18.519,Medium Priority
10.579,3,0.27172,0.03064,11.17,Critical Priority
13.737,4,0.14864,0.50056,4.643,Critical Priority
33.04,4,0.01058,0.17381,14.067,High Priority
55.941,6,0.1026,0.07021,16.916,Critical Priority
19.011,17,0.07754,0.27938,1.701,Critical Priority
46.599,7,0.12791,0.49226,8.742,Critical Priority
53.783,1,0.06991,0.26864,10.204,Critical Priority
43.537,1,0.01497,0.2848,5.514,High Priority
35.463,3,0.08778,0.7208,26.721,Critical Priority
8.29,5,0.08011,0.14488,29.373,High Priority
5.217,6,0.07872,0.09529,35.579,High Priority
30.263,3,0.04645,0.4112,4.051,Critical Priority
37.036,3,0.051,0.13577,2.849,High Priority
38.014,2,0.07524,0.0711,20.889,Critical Priority
32.593,2,0.02799,0.4691,27.026,Critical Priority
60.376,5,0.02604,0.29475,7.991,Critical Priority
5.786,2,0.05715,0.48142,2.169,High Priority
12.915,3,0.01804,0.22829,12.842,Medium Priority
35.268,9,0.034,0.1019,19.653,Critical Priority
34.421,15,0.12961,0.13332,8.372,Critical Priority
0.921,0,0.06204,0.55496,16.596,High Priority
46.254,4,0.07884,0.38229,10.443,Critical Priority
17.802,1,0.31431,0.38012,21.546,Critical Priority
39.462,5,0.07711,0.30187,23.201,Critical Priority
25.958,0,0.04761,0.14499,24.23,High Priority
38.725,4,0.16851,0.33925,20.866,Critical Priority
10.085,1,0.09297,0.77564,33.856,Critical Priority
25.165,4,0.1244,0.18924,12.521,Critical Priority
34.897,0,0.0479,0.64181,11.262,Critical Priority
10.903,2,0.04338,0.4824,9.793,High Priority
21.773,0,0.01169,0.60761,9.87,High Priority
30.779,3,0.03679,0.73336,31.656,Critical Priority
8.628,12,0.10094,0.1764,13.484,High Priority
12.84,1,0.16625,0.10408,21.911,Critical Priority
35.721,1,0.17836,0.4653,7.285,Critical Priority
24.594,5,0.17649,0.45525,22.678,Critical Priority
2.303,11,0.3602,0.14227,16.952,Critical Priority
20.185,5,0.11601,0.55136,5.966,Critical Priority
6.361,7,0.00969,0.42085,25.874,High Priority
28.793,0,0.03097,0.38092,3.23,High Priority
10.66,2,0.08032,0.11473,3.643,Medium Priority
43.229,1,0.06299,0.60256,23.634,Critical Priority
58.4,0,0.00449,0.7537,7.82,Critical Priority
22.891,7,0.20277,0.32773,15.73,Critical Priority
28.31,6,0.12292,0.35726,3.898,Critical Priority
36.134,0,0.04606,0.28768,4.166,High Priority
32.201,13,0.06669,0.45075,8.792,Critical Priority
18.015,1,0.06052,0.04693,4.495,High Priority
35.933,5,0.0678,0.29987,5.101,Critical Priority
45.814,4,0.01225,0.51631,13.433,Critical Priority
8.356,6,0.07771,0.20746,28.553,High Priority
24.168,0,0.04862,0.588,9.087,Critical Priority
31.966,4,0.12711,0.74876,6.527,Critical Priority
29.227,2,0.04107,0.58582,18.291,Critical Priority
37.297,0,0.02298,0.32854,13.036,Critical Priority
7.627,0,0.04412,0.45569,11.468,High Priority
54.664,3,0.19871,0.22666,5.801,Critical Priority
24.528,2,0.14826,0.8384,8.904,Critical Priority
43.862,3,0.13172,0.11382,19.831,Critical Priority
7.745,1,0.13156,0.73335,11.514,Critical Priority
41.692,4,0.0247,0.57078,2.729,Critical Priority
12.534,0,0.06471,0.15845,23.919,High Priority
8.605,1,0.14409,0.51257,14.491,Critical Priority
5.485,5,0.01211,0.34971,5.883,Medium Priority
12.071,13,0.33063,0.28961,8.307,Critical Priority
6.728,2,0.05946,0.27547,21.997,High Priority
20.273,2,0.01562,0.28515,4.704,Medium Priority
24.05,1,0.00141,0.39006,11.639,High Priority
6.507,9,0.03671,0.68257,19.576,High Priority
24.374,3,0.07248,0.05965,12.365,High Priority
24.013,4,0.08275,0.1232,11.761,High Priority
22.08,1,0.28919,0.09167,5.016,Critical Priority
24.135,3,0.18704,0.56366,15.363,Critical Priority
8.609,1,0.06743,0.36353,13.78,High Priority
33.659,9,0.03835,0.15392,1.319,High Priority
14.813,2,0.01287,0.3043,17.124,High Priority
40.907,5,0.10792,0.423,27.111,Critical Priority
14.142,6,0.0568,0.14997,28.637,High Priority
6.19,0,0.08846,0.35062,9.722,High Priority
33.409,2,0.17567,0.40035,8.839,Critical Priority
38.627,2,0.02692,0.03485,22.909,High Priority
15.826,5,0.06288,0.48812,11.247,High Priority
9.998,1,0.00331,0.62034,7.355,Medium Priority
16.035,2,0.09009,0.45047,33.926,Critical Priority
10.011,3,0.08487,0.24856,2.109,High Priority
53.029,4,0.08108,0.32382,26.107,Critical Priority
43.969,10,0.21209,0.19626,7.563,Critical Priority
36.034,2,0.03283,0.43704,17.364,Critical Priority
33.855,0,0.13914,0.5568,10.784,Critical Priority
18.652,8,0.03067,0.20374,19.334,High Priority
2.093,1,0.10086,0.36283,11.912,High Priority
5.586,9,0.00469,0.30627,10.0,Medium Priority
26.844,1,0.16524,0.46314,14.411,Critical Priority
7.141,0,0.30216,0.4915,16.653,Critical Priority
20.735,3,0.03766,0.34046,7.667,High Priority
7.394,13,0.04679,0.15331,8.279,High Priority
21.86,2,0.01344,0.21338,23.947,High Priority
14.386,1,0.13132,0.32506,7.035,Critical Priority
9.935,0,0.09745,0.45096,9.819,High Priority
21.066,8,0.0643,0.64451,19.725,Critical Priority
47.304,5,0.14389,0.74086,20.367,Critical Priority
44.123,2,0.07281,0.12478,26.392,Critical Priority
5.36,0,0.13689,0.5891,6.299,Critical Priority
15.873,4,0.06318,0.33858,12.71,High Priority
24.857,8,0.02185,0.78902,16.025,Critical Priority
35.396,0,0.2046,0.27995,21.389,Critical Priority
9.313,1,0.01678,0.45765,3.671,Medium Priority
47.585,4,0.01966,0.46852,2.747,Critical Priority
8.036,10,0.09169,0.3684,3.093,High Priority
22.887,22,0.03135,0.50837,19.105,Critical Priority
30.298,9,0.06216,0.05675,17.76,Critical Priority
9.513,4,0.07393,0.19445,12.806,High Priority
23.237,1,0.13726,0.2753,2.355,Critical Priority
13.922,1,0.01407,0.22382,34.627,High Priority
30.393,0,0.12297,0.16843,14.134,Critical Priority
11.804,2,0.07229,0.1399,12.186,High Priority
2.945,6,0.02435,0.54205,17.533,High Priority
36.189,2,0.00022,0.39986,11.225,High Priority
6.013,7,0.01161,0.06831,6.704,Low Priority
10.83,12,0.00136,0.34354,4.988,Medium Priority
24.197,1,0.12637,0.2341,19.301,Critical Priority
23.459,3,0.07843,0.39935,11.494,Critical Priority
13.009,2,0.23312,0.79707,17.176,Critical Priority
18.954,1,0.05653,0.148,20.306,High Priority
15.881,10,0.01726,0.23059,20.276,High Priority
5.549,2,0.07427,0.21044,26.004,High Priority
20.462,1,0.08005,0.22049,14.574,High Priority
15.607,16,0.11175,0.09283,17.447,Critical Priority
0.339,8,0.06091,0.3725,29.225,High Priority
39.231,0,0.12515,0.20643,7.113,Critical Priority
29.499,0,0.04732,0.30717,4.115,High Priority
31.485,0,0.07989,0.20844,22.548,Critical Priority
11.23,0,0.04002,0.78569,21.262,High Priority
75.185,44,0.06086,0.42278,1.926,Critical Priority
51.857,7,0.03688,0.40155,9.979,Critical Priority
43.574,4,0.09303,0.48296,12.558,Critical Priority
20.222,9,0.10512,0.35408,23.363,Critical Priority
31.163,2,0.10899,0.82679,15.468,Critical Priority
37.464,25,0.01884,0.40363,5.538,Critical Priority
26.6,2,0.06678,0.20534,26.536,Critical Priority
4.675,3,0.03518,0.26172,23.272,High Priority
12.448,4,0.02883,0.62498,3.169,High Priority
40.903,11,0.02361,0.15912,35.711,Critical Priority
18.701,0,0.10374,0.03649,17.198,Critical Priority
12.775,3,0.15854,0.20824,22.409,Critical Priority
20.124,6,0.02761,0.59503,15.357,Critical Priority
2.784,0,0.03753,0.49495,15.525,Medium Priority
31.613,2,0.1834,0.48637,18.35,Critical Priority
24.838,4,0.0082,0.10697,20.163,High Priority
4.238,7,0.03214,0.09723,24.862,Medium Priority
11.76,13,0.075,0.16508,15.819,High Priority
4.259,2,0.07378,0.44422,13.93,High Priority
29.708,7,0.27298,0.41836,7.877,Critical Priority
14.344,23,0.05137,0.0639,3.275,High Priority
8.193,8,0.05387,0.39146,21.748,High Priority
53.274,6,0.09217,0.55645,18.971,Critical Priority
33.884,0,0.08172,0.77704,25.292,Critical Priority
19.824,7,0.0043,0.26641,31.008,High Priority
21.586,0,0.05372,0.12371,8.097,High Priority
19.11,0,0.07282,0.24541,2.376,High Priority
22.07,7,0.19014,0.30928,8.585,Critical Priority
12.063,0,0.03348,0.76722,6.137,High Priority
54.32,1,0.04373,0.13328,29.881,Critical Priority
29.363,9,0.15467,0.63571,11.635,Critical Priority
15.298,0,0.01421,0.28143,45.468,High Priority
21.667,0,0.07497,0.39513,15.464,Critical Priority
17.115,3,0.01988,0.31608,18.869,High Priority
8.411,20,0.11732,0.95179,21.704,Critical Priority
42.054,5,0.01729,0.34043,1.14,Critical Priority
1.604,14,0.08139,0.08107,0.136,Medium Priority
8.389,14,0.00804,0.38678,5.5,High Priority
42.109,25,0.00925,0.29618,16.624,Critical Priority
43.136,9,0.18249,0.22906,11.083,Critical Priority
16.239,5,0.02128,0.21324,7.076,High Priority
8.888,0,0.07359,0.41837,23.241,High Priority
8.588,6,0.08768,0.65281,7.889,Critical Priority
19.692,4,0.09301,0.16487,2.104,High Priority
5.905,4,0.05178,0.18593,9.592,Medium Priority
25.586,4,0.05319,0.47844,5.273,Critical Priority
29.121,8,0.17573,0.51567,14.768,Critical Priority
18.816,10,0.21017,0.5711,5.279,Critical Priority
25.049,0,0.06602,0.17654,26.881,High Priority
32.411,2,0.02996,0.4446,22.1,Critical Priority
18.914,4,0.08284,0.43874,5.637,Critical Priority
20.911,8,0.01211,0.30507,2.93,High Priority
61.754,4,0.06304,0.59443,14.742,Critical Priority
26.761,17,0.18043,0.35775,4.04,Critical Priority
32.755,6,0.04691,0.13292,13.971,High Priority
24.413,1,0.25074,0.68979,2.512,Critical Priority
21.438,7,0.08758,0.10468,17.744,Critical Priority
22.855,5,0.13957,0.35128,27.286,Critical Priority
31.322,2,0.1093,0.59023,10.324,Critical Priority
4.479,0,0.07912,0.26267,4.066,Medium Priority
40.163,0,0.00546,0.15241,2.938,High Priority
19.82,0,0.05956,0.25793,17.231,High Priority
2.936,2,0.09426,0.62002,1.431,High Priority
6.436,5,0.20117,0.16759,8.639,Critical Priority
6.815,9,0.03601,0.4611,2.122,High Priority
3.919,0,0.08492,0.48383,1.414,High Priority
20.043,0,0.16238,0.25549,0.144,Critical Priority
28.13,1,0.06974,0.28645,17.263,Critical Priority
13.394,7,0.22377,0.64903,4.215,Critical Priority
12.855,0,0.03994,0.68665,7.928,High Priority
6.089,6,0.00839,0.39857,17.108,Medium Priority
29.592,6,0.07878,0.544,13.996,Critical Priority
42.465,8,0.03362,0.29016,18.108,Critical Priority
12.322,1,0.02562,0.02196,8.521,Medium Priority
10.338,2,0.05971,0.1699,14.888,Medium Priority
35.056,4,0.05901,0.0324,31.48,Critical Priority
22.371,32,0.19274,0.29627,25.407,Critical Priority
9.276,2,0.02375,0.03398,16.484,Medium Priority
21.277,4,0.02459,0.11122,3.973,Medium Priority
4.362,13,0.19045,0.26957,16.569,Critical Priority
13.648,3,0.01379,0.7374,10.589,High Priority
14.634,3,0.10449,0.46307,7.107,Critical Priority
23.821,2,0.01345,0.31482,6.276,Medium Priority
41.276,4,0.12486,0.4649,16.224,Critical Priority
26.551,1,0.04458,0.25867,9.007,High Priority
17.876,3,0.04653,0.5602,19.092,Critical Priority
18.333,2,0.04589,0.06222,8.526,Medium Priority
10.741,7,0.07966,0.38278,22.596,Critical Priority
30.885,3,0.01089,0.45901,3.779,High Priority
49.76,1,0.03419,0.26955,19.702,Critical Priority
20.005,4,0.00783,0.30911,20.239,High Priority
30.313,3,0.0186,0.39526,29.481,Critical Priority
11.127,1,0.02894,0.07596,6.983,Medium Priority
30.444,0,0.04886,0.73665,23.012,Critical Priority
35.81,5,0.22647,0.13132,24.17,Critical Priority
28.844,10,0.01374,0.5825,9.493,Critical Priority
41.327,0,0.21358,0.43648,7.719,Critical Priority
35.544,2,0.09063,0.07513,18.585,Critical Priority
29.552,4,0.15125,0.1204,8.839,Critical Priority
23.076,0,0.06912,0.14103,34.269,Critical Priority
22.641,0,0.18068,0.20767,5.885,Critical Priority
13.278,0,0.14012,0.21917,21.186,Critical Priority
2.157,0,0.04505,0.67749,4.023,Medium Priority
34.794,0,0.00312,0.21853,16.409,High Priority
31.68,1,0.0662,0.16864,14.892,Critical Priority
34.93,6,0.04497,0.12993,18.431,Critical Priority
52.811,6,0.09083,0.57242,12.677,Critical Priority
17.702,3,0.2502,0.09421,25.576,Critical Priority
27.266,7,0.12547,0.61022,29.846,Critical Priority
26.943,3,0.02327,0.66675,3.403,Critical Priority
3.886,0,0.03018,0.22474,23.297,Medium Priority
40.774,2,0.07397,0.51825,1.569,Critical Priority
12.48,3,0.17712,0.31563,3.672,Critical Priority
19.089,2,0.07279,0.11599,5.824,High Priority
5.766,4,0.17654,0.36892,7.988,Critical Priority
7.654,1,0.00988,0.48138,15.776,Medium Priority
20.526,6,0.04381,0.48118,6.878,High Priority
33.442,6,0.18719,0.32164,9.375,Critical Priority
2.686,1,0.038,0.0493,25.207,Medium Priority
12.274,10,0.08122,0.0572,17.704,High Priority
11.006,2,0.17642,0.24831,13.252,Critical Priority
33.014,8,0.02728,0.50624,13.901,Critical Priority
20.683,3,0.05695,0.17872,3.624,High Priority
13.763,0,0.01995,0.35826,12.097,Medium Priority
13.991,0,0.07488,0.24573,0.945,High Priority
25.729,14,0.03872,0.18301,7.553,High Priority
12.73,3,0.13538,0.26916,7.08,Critical Priority
50.404,6,0.08352,0.4411,35.649,Critical Priority
42.466,3,0.05025,0.09822,20.102,Critical Priority
25.121,1,0.04339,0.15087,15.168,High Priority
35.7,11,0.01046,0.55589,9.537,Critical Priority
25.583,2,0.13375,0.09289,7.315,Critical Priority
35.135,5,0.07685,0.4206,0.993,Critical Priority
17.725,0,0.05071,0.18498,13.147,High Priority
62.757,1,0.09065,0.09922,11.915,Critical Priority
54.1,16,0.02876,0.31938,7.687,Critical Priority
0.603,9,0.06921,0.5317,25.826,Critical Priority
9.044,16,0.13989,0.11818,11.992,Critical Priority
27.07,13,0.07518,0.461,10.394,Critical Priority
33.555,6,0.04195,0.14012,6.488,High Priority
9.434,7,0.07199,0.4206,20.895,Critical Priority
38.513,11,0.1468,0.38691,2.064,Critical Priority
12.994,1,0.03094,0.2926,3.633,High Priority
23.953,1,0.05275,0.38602,25.908,Critical Priority
24.108,0,0.07125,0.0588,12.709,High Priority
10.06,4,0.00295,0.07322,10.911,Low Priority
26.798,1,0.0458,0.09939,6.558,High Priority
11.912,3,0.15745,0.26361,17.855,Critical Priority
7.164,2,0.00316,0.62654,25.325,High Priority
1.854,5,0.02674,0.36906,21.317,Medium Priority
35.887,0,0.05942,0.50155,15.355,Critical Priority
26.914,5,0.1958,0.24596,23.791,Critical Priority
23.966,0,0.10709,0.07143,4.102,Critical Priority
9.049,1,0.08361,0.27972,3.859,High Priority
13.895,6,0.11329,0.34518,21.006,Critical Priority
27.756,1,0.02938,0.45282,9.375,High Priority
13.629,9,0.05202,0.29262,9.973,High Priority
46.512,14,0.05898,0.20112,7.093,Critical Priority
34.614,1,0.00462,0.09761,13.39,High Priority
21.725,5,0.02857,0.41958,3.754,High Priority
25.987,0,0.03202,0.19791,25.137,High Priority
37.161,12,0.02424,0.20598,8.491,Critical Priority
52.886,1,0.06428,0.34669,5.462,Critical Priority
49.541,14,0.10187,0.49188,15.013,Critical Priority
7.533,3,0.19561,0.24489,19.309,Critical Priority
12.196,1,0.02121,0.10032,8.965,Medium Priority
7.221,1,0.03513,0.19835,8.113,Medium Priority
34.903,13,0.15727,0.3049,33.002,Critical Priority
43.851,3,0.13136,0.31578,0.76,Critical Priority
12.215,9,0.00943,0.18588,15.569,Medium Priority
16.242,4,0.03696,0.1265,1.796,Medium Priority
11.999,7,0.25072,0.35415,32.16,Critical Priority
7.703,1,0.05081,0.25269,11.83,Medium Priority
62.973,3,0.1392,0.52256,5.465,Critical Priority
20.446,4,0.0024,0.06673,4.015,Medium Priority
30.15,3,0.05845,0.25373,17.45,Critical Priority
58.615,3,0.00532,0.33879,7.095,Critical Priority
54.32,12,0.05247,0.27277,1.101,Critical Priority
4.633,11,0.21395,0.38929,37.628,Critical Priority
18.917,4,0.113,0.21985,27.234,Critical Priority
28.051,0,0.07524,0.20505,0.743,High Priority
50.125,1,0.02371,0.55907,18.881,Critical Priority
23.553,4,0.03466,0.34499,7.645,High Priority
5.534,0,0.14103,0.47395,9.833,Critical Priority
18.293,1,0.11412,0.53255,10.444,Critical Priority
0.735,3,0.17289,0.30631,10.659,Critical Priority
28.805,3,0.04267,0.39413,5.1,Critical Priority
33.363,3,0.20537,0.2583,0.162,Critical Priority
20.755,0,0.0588,0.57604,4.309,High Priority
42.52,0,0.12115,0.02037,13.827,Critical Priority
7.113,9,0.08924,0.13599,13.332,High Priority
28.615,2,0.05841,0.42155,7.746,Critical Priority
12.279,18,0.03825,0.46783,8.202,High Priority
13.312,0,0.07151,0.40714,7.727,High Priority
12.455,5,0.07851,0.32404,17.88,High Priority
29.212,2,0.08451,0.3303,15.203,Critical Priority
24.461,2,0.02754,0.43391,19.582,High Priority
23.202,11,0.05716,0.34896,15.858,Critical Priority
35.51,23,0.02423,0.49016,7.053,Critical Priority
18.631,11,0.08556,0.44779,1.543,Critical Priority
17.638,15,0.05735,0.43126,3.448,Critical Priority
50.272,5,0.0006,0.48553,1.097,Critical Priority
7.84,11,0.14483,0.26341,21.481,Critical Priority
10.558,0,0.06568,0.32314,30.682,High Priority
48.325,3,0.07363,0.34691,20.356,Critical Priority
37.364,3,0.01317,0.46751,4.992,High Priority
15.423,1,0.19786,0.06967,20.964,Critical Priority
12.286,1,0.03639,0.36156,15.394,High Priority
13.619,3,0.01343,0.54971,23.463,High Priority
39.641,0,0.1595,0.47037,34.04,Critical Priority
18.438,4,0.029,0.43766,8.88,High Priority
8.806,0,0.01397,0.37738,3.051,Medium Priority
35.785,1,0.05871,0.4323,11.039,Critical Priority
8.044,3,0.07957,0.14903,11.174,Medium Priority
15.641,1,0.08167,0.61095,7.799,Critical Priority
41.879,21,0.09085,0.0417,9.213,Critical Priority
25.644,4,0.05289,0.52762,18.866,Critical Priority
60.783,4,0.09939,0.03611,1.504,Critical Priority
19.409,0,0.0292,0.59322,10.829,High Priority
17.266,13,0.13872,0.41245,19.792,Critical Priority
14.46,3,0.18541,0.31593,29.169,Critical Priority
34.956,1,0.07039,0.36421,11.997,Critical Priority
21.592,1,0.14097,0.32639,8.437,Critical Priority
31.188,8,0.07335,0.01971,7.537,Critical Priority
8.574,16,0.08601,0.27953,0.203,High Priority
36.696,3,0.13318,0.42598,2.374,Critical Priority
27.351,1,0.01078,0.69152,22.193,Critical Priority
23.802,0,0.18444,0.30977,18.737,Critical Priority
13.575,0,0.09925,0.2485,4.539,High Priority
45.497,2,0.01565,0.03999,12.822,Critical Priority
32.802,14,0.02082,0.21025,10.132,Critical Priority
23.73,6,0.05619,0.31085,0.161,High Priority
5.033,1,0.04822,0.43925,11.112,High Priority
24.674,4,0.1432,0.1506,20.734,Critical Priority
22.812,2,0.08392,0.5401,16.725,Critical Priority
12.675,3,0.06916,0.38011,31.063,Critical Priority
15.277,5,0.01643,0.28696,9.384,High Priority
39.104,0,0.01053,0.61426,15.467,Critical Priority
19.161,7,0.03069,0.3093,12.047,High Priority
7.098,17,0.03026,0.53802,9.908,High Priority
19.863,0,0.02586,0.40238,4.104,High Priority
7.116,5,0.08094,0.348,10.487,High Priority
14.549,5,0.06084,0.28038,18.578,High Priority
72.55,0,0.20609,0.09423,28.943,Critical Priority
21.357,4,0.00126,0.07861,12.445,Medium Priority
29.089,1,0.00227,0.30391,33.747,Critical Priority
22.952,8,0.01576,0.35144,11.445,High Priority
6.024,7,0.02209,0.18507,15.606,Medium Priority
22.657,18,0.21515,0.44457,8.092,Critical Priority
19.639,4,0.09196,0.08465,5.403,High Priority
47.175,0,0.05019,0.26682,31.373,Critical Priority
15.025,0,0.07115,0.43318,11.356,High Priority
41.5,0,0.1375,0.37817,4.292,Critical Priority
10.739,2,0.05952,0.20663,34.741,High Priority
27.127,9,0.13997,0.35998,10.872,Critical Priority
7.006,2,0.0559,0.14305,9.539,Medium Priority
30.38,0,0.0786,0.479,1.508,Critical Priority
10.104,9,0.1131,0.4183,21.353,Critical Priority
3.019,10,0.07051,0.28066,24.268,High Priority
9.791,0,0.00314,0.15342,22.519,Medium Priority
28.622,3,0.05726,0.274,17.156,Critical Priority
20.773,2,0.02278,0.56971,9.758,High Priority
4.021,4,0.02606,0.15038,12.017,Medium Priority
27.088,13,0.03801,0.293,9.19,Critical Priority
21.243,1,0.05668,0.01643,13.391,Medium Priority
10.225,12,0.11636,0.54212,17.871,Critical Priority
14.913,4,0.0146,0.4751,15.408,High Priority
21.741,4,0.11978,0.28595,18.161,Critical Priority
20.243,4,0.0768,0.45808,3.564,Critical Priority
13.471,4,0.08435,0.50555,1.543,Critical Priority
14.328,1,0.00661,0.22418,23.484,Medium Priority
7.098,2,0.01379,0.34977,30.072,Medium Priority
12.222,10,0.05771,0.23691,16.815,High Priority
4.436,1,0.33847,0.51241,11.45,Critical Priority
4.644,14,0.13033,0.13945,16.147,Critical Priority
10.426,2,0.24681,0.62322,21.431,Critical Priority
28.23,4,0.08505,0.19582,21.864,Critical Priority
18.843,6,0.00342,0.13469,7.421,Medium Priority
30.196,14,0.03043,0.5685,9.202,Critical Priority
21.845,0,0.03017,0.44793,12.918,High Priority
26.958,9,0.05239,0.40653,29.41,Critical Priority
10.497,5,0.11291,0.36677,24.691,Critical Priority
9.772,3,0.03731,0.69249,14.645,High Priority
17.921,3,0.04154,0.3329,11.015,High Priority
22.28,0,0.17985,0.03627,4.562,Critical Priority
9.532,1,0.14598,0.53057,24.344,Critical Priority
14.729,1,0.09725,0.33056,1.74,High Priority
11.427,1,0.09971,0.19815,35.426,Critical Priority
64.27,5,0.04873,0.76159,17.534,Critical Priority
23.886,5,0.22033,0.21618,22.937,Critical Priority
22.13,7,0.04894,0.07398,26.477,High Priority
11.479,9,0.09627,0.29754,32.257,Critical Priority
37.45,2,0.07171,0.02866,9.474,Critical Priority
16.114,16,0.0829,0.42299,11.729,Critical Priority
46.389,0,0.0718,0.33083,25.096,Critical Priority
17.507,6,0.14651,0.34659,18.664,Critical Priority
23.172,4,0.05294,0.5097,17.345,Critical Priority
11.624,0,0.03651,0.11557,3.345,Medium Priority
36.657,11,0.15736,0.04832,15.612,Critical Priority
54.679,9,0.10985,0.45317,1.379,Critical Priority
19.382,13,0.12526,0.37606,1.721,Critical Priority
31.895,0,0.02317,0.05487,22.134,High Priority
72.836,1,0.01139,0.71693,13.901,Critical Priority
53.542,3,0.10994,0.23878,16.829,Critical Priority
7.459,0,0.03396,0.32967,17.366,Medium Priority
42.472,2,0.08444,0.15317,31.438,Critical Priority
4.175,6,0.18943,0.5733,10.695,Critical Priority
6.005,1,0.0589,0.53282,8.313,High Priority
37.656,6,0.03494,0.11679,24.464,Critical Priority
11.376,1,0.06115,0.2826,2.643,Medium Priority
9.485,1,0.19961,0.3449,16.285,Critical Priority
52.001,15,0.08401,0.21285,8.656,Critical Priority
6.932,0,0.00203,0.46868,6.653,Medium Priority
44.93,7,0.03,0.46229,14.306,Critical Priority
19.537,3,0.0565,0.11157,9.72,High Priority
49.867,3,0.14789,0.56913,3.696,Critical Priority
56.103,1,0.06745,0.40128,3.476,Critical Priority
37.836,4,0.10136,0.1839,11.644,Critical Priority
25.771,2,0.09317,0.41761,38.481,Critical Priority
13.555,1,0.0206,0.3109,8.054,Medium Priority
31.434,1,0.01498,0.40719,14.61,High Priority
73.975,1,0.05641,0.68994,15.029,Critical Priority
32.897,0,0.00748,0.47839,6.438,High Priority
50.372,20,0.0549,0.17279,24.491,Critical Priority
37.413,1,0.04631,0.455,12.316,Critical Priority
18.626,3,0.00542,0.28361,13.01,High Priority
10.614,4,0.12948,0.51264,21.779,Critical Priority
21.662,0,0.0137,0.16021,12.342,Medium Priority
12.952,16,0.13258,0.24831,33.942,Critical Priority
35.9,2,0.23274,0.20037,15.907,Critical Priority
1.313,0,0.02836,0.19406,20.909,Medium Priority
28.836,1,0.0316,0.42035,36.012,Critical Priority
15.609,2,0.02334,0.52147,35.061,High Priority
54.621,3,0.13269,0.42846,0.914,Critical Priority
22.82,2,0.09678,0.2344,14.858,High Priority
36.144,0,0.0339,0.33705,14.288,Critical Priority
34.258,0,0.16633,0.29333,24.702,Critical Priority
19.12,7,0.04975,0.23333,25.807,High Priority
21.456,8,0.02565,0.32318,20.476,High Priority
8.681,0,0.07387,0.45777,18.31,High Priority
8.873,4,0.03675,0.3193,18.358,High Priority
18.646,6,0.0073,0.18386,2.028,Medium Priority
18.322,10,0.00772,0.2743,7.192,High Priority
22.488,11,0.01173,0.22544,12.479,High Priority
20.866,3,0.0049,0.32525,23.983,High Priority
40.319,2,0.08764,0.28348,3.557,Critical Priority
20.619,6,0.02615,0.20232,22.702,High Priority
5.448,4,0.02847,0.24518,4.731,Medium Priority
16.11,1,0.01652,0.08403,3.017,Medium Priority
38.154,0,0.07945,0.31618,22.39,Critical Priority
22.054,11,0.09734,0.29575,26.75,Critical Priority
1.307,1,0.11673,0.66871,11.943,Critical Priority
18.084,1,0.14871,0.40188,14.496,Critical Priority
28.143,12,0.1763,0.29191,5.757,Critical Priority
31.274,3,0.01575,0.0451,30.997,High Priority
38.295,0,0.14852,0.11522,11.733,Critical Priority
28.898,8,0.02548,0.51165,27.146,Critical Priority
0.699,0,0.07917,0.27657,2.782,Medium Priority
33.332,18,0.06081,0.26459,22.544,Critical Priority
4.47,3,0.00335,0.47663,21.047,Medium Priority
4.531,7,0.2045,0.40302,7.504,Critical Priority
45.312,5,0.21612,0.26069,2.693,Critical Priority
34.333,3,0.04275,0.25694,10.543,Critical Priority
2.751,3,0.26217,0.29185,19.586,Critical Priority
11.884,4,0.06817,0.19934,10.284,High Priority
30.676,1,0.1127,0.22248,4.4,Critical Priority
25.048,5,0.11916,0.1755,13.372,Critical Priority
23.043,0,0.15691,0.32732,23.118,Critical Priority
11.551,1,0.14508,0.34006,1.441,Critical Priority
33.468,5,0.17802,0.04412,7.134,Critical Priority
35.843,10,0.03353,0.68843,13.632,Critical Priority
56.763,8,0.06303,0.3033,5.087,Critical Priority
7.066,0,0.31711,0.34662,13.016,Critical Priority
17.63,2,0.18337,0.13829,40.982,Critical Priority
26.595,16,0.32008,0.5701,44.433,Critical Priority
26.006,6,0.00363,0.37186,19.259,Critical Priority
22.643,10,0.05299,0.42055,12.51,Critical Priority
12.185,4,0.03571,0.25438,28.501,High Priority
20.237,12,0.18815,0.49473,13.405,Critical Priority
14.107,0,0.08501,0.21048,14.286,High Priority
60.818,2,0.08505,0.81457,0.598,Critical Priority
23.663,9,0.07966,0.08103,25.86,Critical Priority
9.454,2,0.1009,0.20555,6.034,High Priority
21.606,3,0.02407,0.07908,28.067,High Priority
7.169,2,0.03261,0.44808,5.41,Medium Priority
33.259,1,0.08631,0.33863,8.779,Critical Priority
26.377,9,0.11654,0.3161,4.996,Critical Priority
29.554,2,0.04308,0.43522,11.308,Critical Priority
8.244,4,0.26579,0.37188,9.265,Critical Priority
13.232,5,0.06509,0.35356,13.976,Critical Priority
13.837,1,0.00351,0.51715,18.025,High Priority
8.675,1,0.14792,0.09181,17.341,Critical Priority
19.954,8,0.15103,0.50106,9.666,Critical Priority
5.885,5,0.12966,0.31395,3.807,Critical Priority
23.523,4,0.06496,0.64823,29.044,Critical Priority
36.892,0,0.07443,0.57247,13.003,Critical Priority
1.734,4,0.04193,0.34989,25.132,Medium Priority
24.239,1,0.20847,0.12508,21.607,Critical Priority
5.512,10,0.04694,0.1164,0.067,Medium Priority
39.65,1,0.0922,0.11211,30.679,Critical Priority
3.186,9,0.11169,0.54897,26.539,Critical Priority
19.406,7,0.07332,0.46372,21.595,Critical Priority
34.084,9,0.07751,0.19701,11.753,Critical Priority
22.746,13,0.17603,0.26128,17.133,Critical Priority
15.567,3,0.01933,0.20793,23.832,High Priority
5.566,8,0.03787,0.28587,4.504,Medium Priority
19.526,10,0.07361,0.56008,38.949,Critical Priority
27.165,8,0.00505,0.24061,24.289,High Priority
72.583,1,0.08609,0.2515,6.333,Critical Priority
40.221,2,0.08272,0.0607,15.422,Critical Priority
16.471,13,0.15779,0.59759,22.782,Critical Priority
47.487,4,0.18385,0.36215,24.435,Critical Priority
15.498,10,0.0386,0.33401,13.134,High Priority
24.754,1,0.03549,0.55084,13.665,High Priority
49.145,3,0.06522,0.45916,14.247,Critical Priority
9.98,4,0.1764,0.16748,11.387,Critical Priority
13.776,8,0.02071,0.21104,6.452,Medium Priority
30.515,3,0.08331,0.26966,0.596,Critical Priority
49.302,4,0.01124,0.08495,30.052,Critical Priority
26.96,4,0.00454,0.34998,5.087,High Priority
45.778,3,0.01246,0.59102,14.711,Critical Priority
59.29,4,0.08843,0.09537,11.636,Critical Priority
58.86,2,0.03301,0.51013,11.779,Critical Priority
29.644,5,0.02834,0.34852,8.521,High Priority
29.63,6,0.02587,0.34707,14.396,High Priority
44.698,5,0.10257,0.30026,29.516,Critical Priority
5.931,0,0.1199,0.53967,15.737,High Priority
9.568,0,0.08963,0.22319,18.803,High Priority
15.337,6,0.02644,0.30433,2.719,High Priority
27.093,3,0.00392,0.42855,33.207,Critical Priority
11.077,1,0.07897,0.13059,16.83,High Priority
40.849,18,0.09157,0.38942,21.001,Critical Priority
18.282,0,0.11356,0.71098,11.318,Critical Priority
9.537,3,0.05364,0.19175,46.225,High Priority
7.625,1,0.02729,0.45021,17.769,High Priority
41.594,8,0.00146,0.27434,6.573,High Priority
15.053,10,0.0119,0.11186,3.957,Medium Priority
21.193,2,0.04261,0.54389,0.945,High Priority
4.391,2,0.04077,0.26758,20.229,High Priority
15.31,1,0.01177,0.11684,8.372,Medium Priority
5.694,3,0.14655,0.53045,22.143,Critical Priority
34.867,3,0.15375,0.69316,26.976,Critical Priority
14.004,2,0.03123,0.62658,9.457,High Priority
29.522,8,0.05893,0.28908,2.499,Critical Priority
1.532,4,0.0478,0.34126,34.349,High Priority
34.977,5,0.1633,0.50056,10.468,Critical Priority
18.401,1,0.02989,0.40328,24.903,High Priority
8.633,10,0.17222,0.43104,7.413,Critical Priority
62.756,17,0.16397,0.14753,3.361,Critical Priority
17.566,3,0.07949,0.22678,17.445,High Priority
13.628,5,0.10596,0.27256,12.963,Critical Priority
8.124,1,0.00687,0.07169,16.731,Low Priority
20.038,7,0.04784,0.34317,5.86,High Priority
35.743,4,0.10491,0.28714,5.92,Critical Priority
19.836,2,0.15935,0.57462,34.436,Critical Priority
44.309,4,0.187,0.71775,31.979,Critical Priority
28.891,4,0.00637,0.19046,11.173,High Priority
46.338,0,0.0429,0.42975,1.932,Critical Priority
7.19,13,0.0126,0.15787,5.631,Medium Priority
16.362,4,0.00859,0.26628,8.248,Medium Priority
15.573,3,0.06357,0.28464,24.093,High Priority
12.392,1,0.03175,0.20301,10.39,Medium Priority
24.071,4,0.07764,0.2893,13.269,Critical Priority
4.98,0,0.04982,0.18024,8.033,Medium Priority
36.254,2,0.10719,0.22448,4.843,Critical Priority
3.37,4,0.13655,0.67671,26.217,Critical Priority
74.434,10,0.05458,0.33384,44.806,Critical Priority
26.143,0,0.02666,0.41384,30.109,High Priority
38.078,1,0.07888,0.13229,13.145,Critical Priority
26.438,1,0.11541,0.30283,18.54,Critical Priority
6.621,15,0.11946,0.14122,2.316,High Priority
11.963,1,0.22331,0.60129,8.715,Critical Priority
18.508,1,0.05009,0.51709,6.017,High Priority
43.277,4,0.2834,0.14477,15.921,Critical Priority
7.794,0,0.00706,0.27274,9.375,Medium Priority
36.855,3,0.01326,0.292,13.484,Critical Priority
57.34,21,0.19439,0.13573,11.214,Critical Priority
14.762,0,0.0266,0.29652,1.497,Medium Priority
0.806,0,0.12267,0.57423,10.393,High Priority
39.988,0,0.07053,0.31584,3.866,Critical Priority
13.972,4,0.17748,0.49826,10.763,Critical Priority
11.831,10,0.31705,0.37108,21.194,Critical Priority
54.678,3,0.05695,0.33578,8.952,Critical Priority
5.034,3,0.03517,0.0905,15.441,Medium Priority
2.378,2,0.07519,0.15002,7.344,Medium Priority
13.28,2,0.00774,0.25777,1.972,Medium Priority
67.91,10,0.15086,0.22866,9.887,Critical Priority
7.724,4,0.02063,0.66453,4.592,High Priority
29.793,14,0.02482,0.41354,4.971,Critical Priority
16.401,7,0.08971,0.17046,3.687,High Priority
24.86,6,0.03648,0.54947,17.052,Critical Priority
14.208,6,0.04307,0.4683,28.928,High Priority
9.894,6,0.03162,0.09138,33.62,High Priority
26.804,8,0.00426,0.31008,5.55,High Priority
9.914,1,0.06295,0.63121,4.825,High Priority
38.035,2,0.00614,0.12925,19.395,High Priority
8.567,7,0.17821,0.29017,16.382,Critical Priority
61.957,12,0.21147,0.63409,13.536,Critical Priority
27.365,2,0.04665,0.41732,18.251,Critical Priority
38.255,1,0.14476,0.23756,24.563,Critical Priority
25.601,0,0.02251,0.20333,9.594,High Priority
17.911,0,0.05308,0.65743,12.016,Critical Priority
13.202,4,0.07173,0.07892,7.203,High Priority
27.556,1,0.01765,0.51202,5.57,High Priority
17.277,11,0.00082,0.30058,29.838,High Priority
42.387,0,0.09388,0.43219,15.636,Critical Priority
38.87,3,0.06498,0.38432,8.345,Critical Priority
37.042,6,0.09467,0.27193,14.515,Critical Priority
36.685,2,0.10552,0.27419,16.146,Critical Priority
30.1,2,0.05544,0.54571,7.882,Critical Priority
16.335,19,0.27195,0.58832,6.091,Critical Priority
12.111,0,0.0098,0.09436,1.646,Medium Priority
13.025,4,0.13785,0.51614,7.79,Critical Priority
32.061,2,0.08124,0.34698,4.871,Critical Priority
5.281,0,0.06268,0.41749,18.117,High Priority
30.848,13,0.10982,0.35306,11.303,Critical Priority
4.378,4,0.04685,0.25818,34.156,High Priority
29.938,1,0.16314,0.27749,24.638,Critical Priority
22.816,3,0.27582,0.059,7.406,Critical Priority
9.804,7,0.06927,0.55939,21.456,Critical Priority
6.933,2,0.04441,0.18731,23.104,Medium Priority
4.302,2,0.01661,0.45286,12.926,Medium Priority
17.425,3,0.10876,0.22829,17.449,Critical Priority
24.401,1,0.01958,0.07988,6.728,Medium Priority
7.783,0,0.02785,0.53639,6.068,Medium Priority
1.26,12,0.07321,0.44172,3.746,High Priority
34.006,0,0.08144,0.21814,4.18,Critical Priority
16.381,4,0.02578,0.33876,3.658,High Priority
21.661,0,0.26382,0.6724,4.853,Critical Priority
54.513,0,0.0693,0.11429,5.489,Critical Priority
17.121,3,0.07926,0.42596,4.6,High Priority
37.116,1,0.04571,0.13116,0.678,High Priority
15.662,9,0.01874,0.04715,7.652,Medium Priority
11.214,1,0.0755,0.18335,4.077,High Priority
38.108,10,0.09345,0.16231,5.528,Critical Priority
13.477,9,0.04491,0.54717,25.09,Critical Priority
37.315,14,0.14751,0.22136,9.159,Critical Priority
19.889,4,0.04615,0.23286,16.472,High Priority
7.461,12,0.06081,0.29708,3.375,High Priority
42.504,1,0.02252,0.44169,13.168,Critical Priority
39.612,9,0.05656,0.49771,29.235,Critical Priority
19.638,1,0.18967,0.10726,2.348,Critical Priority
12.06,10,0.01492,0.46771,22.99,High Priority
36.205,6,0.00419,0.48301,9.635,Critical Priority
36.927,4,0.15087,0.50124,21.631,Critical Priority
17.215,5,0.00017,0.43776,19.77,High Priority
37.654,4,0.30943,0.08367,24.603,Critical Priority
9.94,1,0.11248,0.37352,21.768,Critical Priority
18.841,4,0.0112,0.45331,8.484,High Priority
25.133,14,0.079,0.38128,12.697,Critical Priority
8.198,4,0.15611,0.06311,2.405,High Priority
10.734,0,0.01329,0.17141,12.706,Medium Priority
13.079,9,0.2042,0.21187,27.049,Critical Priority
27.467,1,0.08883,0.66754,28.447,Critical Priority
45.202,6,0.03878,0.4938,11.995,Critical Priority
45.337,0,0.07451,0.46884,38.011,Critical Priority
37.441,1,0.07209,0.30953,20.298,Critical Priority
11.885,0,0.0128,0.5154,4.095,Medium Priority
56.93,4,0.00935,0.47279,5.112,Critical Priority
1.157,3,0.04276,0.40868,28.543,Medium Priority
36.064,3,0.00933,0.65096,1.668,Critical Priority
31.915,8,0.05628,0.53942,20.929,Critical Priority
3.322,2,0.06632,0.55288,16.618,High Priority
16.577,1,0.03369,0.31389,5.042,High Priority
23.492,0,0.07075,0.72026,47.317,Critical Priority
5.831,3,0.15117,0.79285,8.877,Critical Priority
21.33,7,0.08397,0.20396,8.942,Critical Priority
6.728,11,0.09901,0.05583,10.907,High Priority
22.135,0,0.23586,0.60139,17.017,Critical Priority
24.805,0,0.17801,0.41022,34.068,Critical Priority
3.539,1,0.13386,0.13973,3.378,High Priority
18.683,10,0.05755,0.1183,14.002,High Priority
32.964,2,0.25381,0.32215,15.879,Critical Priority
1.226,5,0.05731,0.19555,4.242,Medium Priority
28.547,1,0.05618,0.32285,14.371,Critical Priority
29.997,5,0.04695,0.50291,9.213,Critical Priority
54.833,0,0.09482,0.06639,3.332,Critical Priority
26.83,3,0.03674,0.03768,27.068,High Priority
7.775,0,0.02806,0.27619,24.836,Medium Priority
24.044,13,0.1395,0.24974,13.147,Critical Priority
25.838,1,0.05206,0.4454,7.274,High Priority
38.738,0,0.04247,0.12096,11.972,Critical Priority
45.416,9,0.00862,0.40952,1.462,Critical Priority
23.885,0,0.0571,0.39839,27.832,Critical Priority
15.724,1,0.33875,0.53819,3.586,Critical Priority
24.092,13,0.03324,0.54003,9.483,Critical Priority
15.449,3,0.11095,0.21729,16.361,Critical Priority
25.668,8,0.01516,0.36578,35.198,Critical Priority
5.754,0,0.00071,0.20921,21.001,Low Priority
34.316,1,0.07857,0.29188,18.766,Critical Priority
30.031,8,0.03694,0.21144,26.923,Critical Priority
24.326,0,0.01765,0.45656,11.737,High Priority
8.03,0,0.03237,0.80013,15.968,High Priority
6.776,0,0.03076,0.06885,12.991,Medium Priority
42.58,25,0.07512,0.48634,36.388,Critical Priority
53.802,4,0.10799,0.36695,20.941,Critical Priority
27.888,1,0.08293,0.43387,5.735,Critical Priority
57.609,6,0.13148,0.15887,35.124,Critical Priority
38.131,2,0.12132,0.06169,5.62,Critical Priority
10.146,0,0.03505,0.20366,3.736,Medium Priority
24.808,9,0.0249,0.18966,27.734,High Priority
16.955,7,0.02641,0.57324,20.118,High Priority
29.528,7,0.01597,0.40735,16.856,Critical Priority
21.881,1,0.01109,0.29382,14.886,High Priority
29.837,6,0.01692,0.30555,22.501,Critical Priority
33.651,2,0.01586,0.63895,19.961,Critical Priority
12.411,4,0.16248,0.31924,8.259,Critical Priority
20.142,12,0.06884,0.46637,29.851,Critical Priority
24.83,10,0.07686,0.67057,28.281,Critical Priority
33.452,3,0.01946,0.46712,8.529,High Priority
44.754,2,0.01785,0.31572,24.433,Critical Priority
8.188,5,0.00627,0.07463,13.562,Medium Priority
10.695,8,0.04692,0.14716,22.637,High Priority
9.548,6,0.06255,0.15023,1.982,Medium Priority
41.264,2,0.15345,0.47086,28.991,Critical Priority
28.879,0,0.01459,0.58277,5.458,High Priority
10.197,3,0.0448,0.28576,7.761,High Priority
22.001,0,0.03236,0.13931,15.832,High Priority
2.674,0,0.10192,0.36923,10.793,High Priority
4.442,6,0.14277,0.37936,17.93,Critical Priority
5.458,3,0.22704,0.21751,5.537,Critical Priority
38.159,3,0.04253,0.62358,15.696,Critical Priority
35.315,3,0.01314,0.62108,14.601,Critical Priority
11.471,4,0.07263,0.27397,23.91,High Priority
13.35,5,0.10434,0.36437,1.347,High Priority
7.369,8,0.27196,0.24858,12.366,Critical Priority
6.218,9,0.04237,0.27344,14.02,High Priority
10.657,2,0.24592,0.32194,7.458,Critical Priority
25.004,1,0.03224,0.14164,3.636,Medium Priority
21.872,11,0.08182,0.29694,14.21,Critical Priority
1.835,1,0.13352,0.48093,5.872,High Priority
9.137,19,0.04807,0.11372,9.677,High Priority
24.337,12,0.00225,0.11169,14.808,High Priority
24.868,2,0.01571,0.44607,1.655,High Priority
11.008,7,0.13348,0.06907,43.143,Critical Priority
29.18,13,0.24348,0.41755,18.064,Critical Priority
13.165,0,0.05147,0.29168,8.986,Medium Priority
32.999,4,0.07694,0.30572,13.454,Critical Priority
27.767,8,0.02125,0.32238,5.259,High Priority
15.144,8,0.07932,0.02666,1.671,High Priority
62.204,0,0.0283,0.3067,6.451,Critical Priority
17.74,4,0.06669,0.15524,5.741,High Priority
39.064,0,0.1514,0.40283,6.473,Critical Priority
36.714,6,0.07741,0.33172,25.537,Critical Priority
6.59,0,0.03786,0.2414,20.544,High Priority
12.11,3,0.14854,0.22414,5.7,Critical Priority
44.509,3,0.10685,0.44152,0.632,Critical Priority
13.898,1,0.12288,0.70787,21.825,Critical Priority
26.619,2,0.0588,0.47556,12.585,Critical Priority
10.255,0,0.19212,0.41596,26.275,Critical Priority
29.221,1,0.0049,0.07189,23.836,High Priority
10.728,9,0.20016,0.29291,9.448,Critical Priority
34.815,23,0.23429,0.47223,7.056,Critical Priority
27.586,1,0.02562,0.14502,8.242,High Priority
30.059,29,0.01695,0.22342,17.333,Critical Priority
43.422,18,0.08029,0.57968,10.161,Critical Priority
26.226,6,0.00706,0.26909,6.36,High Priority
15.94,6,0.04056,0.65302,6.811,High Priority
6.61,0,0.06724,0.76875,4.021,High Priority
35.043,3,0.04849,0.54432,30.47,Critical Priority
42.821,3,0.0735,0.11244,32.578,Critical Priority
53.785,1,0.09836,0.64419,7.167,Critical Priority
33.752,13,0.04417,0.09552,24.145,Critical Priority
7.814,4,0.10825,0.35671,4.72,High Priority
50.585,22,0.06915,0.26318,8.285,Critical Priority
13.328,0,0.09213,0.30002,18.459,Critical Priority
15.056,5,0.02112,0.44475,20.413,High Priority
28.932,2,0.1125,0.13446,17.271,Critical Priority
13.881,9,0.14157,0.54588,4.034,Critical Priority
30.787,1,0.02938,0.18857,28.77,High Priority
15.475,10,0.00129,0.33938,3.34,Medium Priority
42.52,11,0.02973,0.07116,13.974,Critical Priority
33.272,8,0.04583,0.20109,41.868,Critical Priority
8.726,8,0.07512,0.14629,7.823,High Priority
35.553,1,0.03108,0.21129,20.493,Critical Priority
18.913,3,0.18739,0.23022,16.632,Critical Priority
57.078,1,0.20223,0.20095,17.072,Critical Priority
16.882,4,0.11254,0.30845,13.658,Critical Priority
29.523,3,0.13373,0.04556,18.121,Critical Priority
21.623,2,0.07656,0.35983,11.948,High Priority
8.087,0,0.04158,0.17622,15.69,Medium Priority
20.064,16,0.03742,0.47928,19.415,Critical Priority
29.556,0,0.05656,0.23169,28.225,Critical Priority
17.51,0,0.02824,0.38493,18.948,High Priority
11.176,0,0.10861,0.14462,7.862,High Priority
31.209,5,0.07901,0.45005,11.615,Critical Priority
12.312,19,0.01405,0.18978,15.874,High Priority
30.413,0,0.01463,0.30374,7.402,High Priority
28.444,0,0.08488,0.3936,3.695,Critical Priority
22.082,3,0.02415,0.61659,10.094,High Priority
37.98,4,0.00963,0.21685,9.528,High Priority
51.824,18,0.06583,0.14396,4.739,Critical Priority
28.01,0,0.03182,0.31752,7.499,High Priority
13.213,7,0.128,0.1973,0.498,Critical Priority
40.672,2,0.01291,0.54076,6.999,Critical Priority
34.376,2,0.05085,0.0912,14.983,High Priority
30.005,9,0.02903,0.3739,8.974,High Priority
3.69,1,0.01793,0.29374,8.622,Medium Priority
34.899,5,0.03068,0.38896,39.352,Critical Priority
19.153,0,0.01899,0.26201,17.474,High Priority
1.588,0,0.02607,0.1606,13.642,Low Priority
0.522,8,0.23219,0.19342,14.873,Critical Priority
12.817,0,0.01214,0.09488,11.256,Medium Priority
1.605,6,0.06716,0.29842,18.874,High Priority
24.575,1,0.11693,0.24955,22.255,Critical Priority
2.942,13,0.10839,0.31033,8.253,High Priority
17.888,6,0.00836,0.21549,8.754,Medium Priority
12.936,4,0.06039,0.28311,33.056,High Priority
11.393,6,0.00985,0.48488,3.067,Medium Priority
13.819,20,0.30412,0.13172,29.715,Critical Priority
13.871,2,0.12812,0.37115,10.578,Critical Priority
39.812,9,0.04611,0.49186,26.848,Critical Priority
57.339,4,0.07741,0.12214,5.836,Critical Priority
44.133,0,0.00888,0.23811,9.619,Critical Priority
6.155,6,0.15381,0.34874,8.97,Critical Priority
36.133,2,0.03833,0.78536,9.439,Critical Priority
43.071,0,0.04254,0.05506,19.388,Critical Priority
3.273,0,0.01779,0.06067,20.582,Medium Priority
12.119,0,0.24645,0.6339,3.788,Critical Priority
34.271,12,0.09853,0.35085,15.446,Critical Priority
10.247,1,0.13479,0.11081,3.203,High Priority
43.525,11,0.03113,0.20453,6.461,Critical Priority
29.535,6,0.05512,0.4932,1.223,Critical Priority
30.513,0,0.10867,0.10565,2.326,Critical Priority
44.541,1,0.13058,0.29449,10.198,Critical Priority
39.718,3,0.0384,0.17849,0.46,High Priority
6.089,2,0.11687,0.14595,24.27,Critical Priority
12.416,3,0.08565,0.19031,6.092,High Priority
24.304,4,0.03332,0.36447,11.711,High Priority
11.937,14,0.23582,0.24823,17.92,Critical Priority
29.754,1,0.01799,0.49326,4.802,High Priority
29.753,1,0.0182,0.52554,6.308,Critical Priority
6.729,0,0.09714,0.47397,29.347,Critical Priority
27.024,3,0.06417,0.32463,34.457,Critical Priority
8.957,5,0.14394,0.36621,27.769,Critical Priority
13.319,1,0.14954,0.17787,8.598,Critical Priority
25.571,0,0.05368,0.66615,5.733,Critical Priority
36.204,3,0.08973,0.41207,7.1,Critical Priority
8.072,1,0.0548,0.36323,11.684,High Priority
38.61,4,0.0183,0.22194,14.2,Critical Priority
28.841,15,0.02828,0.6467,10.502,Critical Priority
26.619,11,0.08458,0.22703,6.827,Critical Priority
16.547,6,0.04433,0.52579,11.51,High Priority
26.248,6,0.07266,0.40834,5.086,Critical Priority
9.572,12,0.17575,0.41637,30.759,Critical Priority
16.076,1,0.06999,0.15646,15.418,High Priority
39.604,6,0.19169,0.08218,20.284,Critical Priority
27.683,8,0.01264,0.62791,2.576,High Priority
29.314,4,0.00504,0.74652,3.398,Critical Priority
74.755,0,0.05392,0.29612,23.091,Critical Priority
14.863,2,0.03665,0.2038,27.343,High Priority
30.63,11,0.1282,0.42222,25.999,Critical Priority
5.574,9,0.16036,0.38201,11.447,Critical Priority
45.868,5,0.14373,0.59843,34.434,Critical Priority
20.637,0,0.14599,0.14148,11.93,Critical Priority
24.188,3,0.03467,0.3049,9.192,High Priority
2.324,3,0.04948,0.25494,5.6,Medium Priority
16.539,0,0.119,0.05895,22.168,Critical Priority
7.934,2,0.13976,0.1085,14.58,Critical Priority
59.791,4,0.03826,0.19131,28.274,Critical Priority
18.66,5,0.08943,0.51825,11.199,Critical Priority
10.645,6,0.12999,0.28103,6.074,High Priority
18.119,1,0.02151,0.47246,28.019,High Priority
11.112,5,0.07315,0.34995,0.723,High Priority
0.349,2,0.06959,0.60589,3.532,High Priority
20.855,0,0.16323,0.01656,4.291,Critical Priority
7.24,3,0.0344,0.12565,5.119,Medium Priority
21.311,5,0.03735,0.55416,7.644,Critical Priority
45.699,2,0.14426,0.31807,7.153,Critical Priority
33.396,6,0.14483,0.43614,27.273,Critical Priority
42.055,4,0.1368,0.32786,7.903,Critical Priority
26.554,1,0.18984,0.42162,27.996,Critical Priority
19.66,0,0.19245,0.40342,7.84,Critical Priority
4.642,5,0.13778,0.41025,18.867,Critical Priority
30.146,4,0.10584,0.14705,12.954,Critical Priority
46.499,1,0.07516,0.09221,12.121,Critical Priority
21.727,0,0.30726,0.11222,8.734,Critical Priority
69.605,1,0.08844,0.50661,11.148,Critical Priority
24.555,4,0.01232,0.51738,1.859,High Priority
41.536,1,0.01092,0.61148,4.047,Critical Priority
14.786,7,0.11357,0.27963,27.061,Critical Priority
13.95,7,0.12489,0.49018,22.795,Critical Priority
12.1,1,0.01438,0.80296,18.012,High Priority
12.112,0,0.01262,0.68455,20.898,High Priority
43.665,0,0.17497,0.18466,17.283,Critical Priority
4.949,18,0.00611,0.21295,12.124,Medium Priority
10.527,1,0.07284,0.23471,12.89,Medium Priority
61.944,0,0.15292,0.11711,1.659,Critical Priority
37.157,0,0.0447,0.28506,11.489,Critical Priority
18.53,0,0.07201,0.22911,8.25,High Priority
26.289,0,0.12462,0.21162,19.478,Critical Priority
19.602,17,0.00476,0.83578,8.739,Critical Priority
39.5,0,0.11568,0.26137,16.97,Critical Priority
10.964,3,0.03008,0.78379,6.14,High Priority
10.066,0,0.03657,0.34092,0.459,Medium Priority
15.216,4,0.02877,0.36283,5.213,High Priority
41.928,0,0.02026,0.37547,7.115,Critical Priority
6.434,9,0.04937,0.29747,7.249,Medium Priority
38.143,12,0.02544,0.18783,3.109,Critical Priority
21.738,6,0.2352,0.17926,14.025,Critical Priority
12.928,4,0.10178,0.16206,19.735,Critical Priority
44.099,6,0.11451,0.68082,15.663,Critical Priority
9.931,3,0.07865,0.16643,6.762,Medium Priority
40.668,2,0.28205,0.64566,8.504,Critical Priority
31.926,0,0.03606,0.61653,3.808,High Priority
19.072,6,0.1359,0.3721,18.462,Critical Priority
69.116,5,0.07248,0.14416,12.979,Critical Priority
6.479,1,0.0748,0.19969,13.223,Medium Priority
12.057,3,0.06397,0.26037,46.725,High Priority
31.184,0,0.15633,0.47212,6.639,Critical Priority
44.809,3,0.08801,0.43766,7.348,Critical Priority
56.562,2,0.14713,0.03857,6.806,Critical Priority
42.932,0,0.00214,0.24307,7.574,High Priority
33.697,0,0.01059,0.22358,6.278,High Priority
49.205,1,0.14347,0.21872,4.705,Critical Priority
3.907,9,0.06631,0.57749,16.799,Critical Priority
9.885,14,0.00697,0.31177,23.678,High Priority
5.757,20,0.13021,0.10564,1.895,High Priority
22.697,6,0.03745,0.48004,18.596,Critical Priority
32.236,5,0.0469,0.30437,33.26,Critical Priority
7.887,1,0.11518,0.60869,9.171,Critical Priority
32.094,0,0.00349,0.37671,13.655,High Priority
21.976,9,0.10869,0.33331,3.166,Critical Priority
20.127,21,0.00924,0.16216,2.986,High Priority
25.152,2,0.04569,0.56345,14.448,Critical Priority
20.913,2,0.15225,0.40529,17.093,Critical Priority
18.929,2,0.13334,0.24725,4.85,Critical Priority
4.62,1,0.03876,0.35905,3.578,Medium Priority
7.474,4,0.08392,0.03646,17.382,High Priority
4.551,10,0.08425,0.27471,20.756,High Priority
11.122,2,0.15184,0.46955,13.225,Critical Priority
35.483,0,0.05365,0.3533,16.697,Critical Priority
8.487,6,0.12672,0.35423,6.966,Critical Priority
15.135,6,0.17986,0.39305,6.627,Critical Priority
27.357,12,0.06121,0.48526,3.172,Critical Priority
21.453,16,0.05988,0.40067,13.564,Critical Priority
13.848,9,0.03579,0.37839,8.405,High Priority
30.001,2,0.06404,0.30107,3.292,Critical Priority
27.153,1,0.08953,0.21652,9.359,Critical Priority
38.859,1,0.04058,0.58734,13.145,Critical Priority
12.048,0,0.16963,0.26184,11.577,Critical Priority
11.396,2,0.16016,0.18139,17.465,Critical Priority
22.367,9,0.10466,0.21676,16.835,Critical Priority
11.487,3,0.11843,0.18015,14.472,Critical Priority
1.372,0,0.00258,0.3257,7.803,Low Priority
28.115,0,0.05598,0.15483,2.315,High Priority
48.614,1,0.0424,0.2854,5.863,Critical Priority
15.781,6,0.03187,0.6081,3.994,High Priority
19.474,2,0.12902,0.37945,7.782,Critical Priority
12.59,1,0.12652,0.30413,8.431,High Priority
45.85,0,0.0578,0.08215,13.308,Critical Priority
2.569,0,0.11422,0.35787,5.249,High Priority
42.835,11,0.02595,0.02099,12.098,Critical Priority
40.987,1,0.21045,0.48447,14.236,Critical Priority
20.459,0,0.16826,0.06767,9.817,Critical Priority
13.207,7,0.04756,0.06894,12.243,Medium Priority
36.311,2,0.03589,0.39055,22.152,Critical Priority
34.661,9,0.11233,0.30978,22.064,Critical Priority
23.334,0,0.06107,0.51792,13.661,Critical Priority
4.05,10,0.01728,0.49605,14.653,High Priority
51.651,0,0.05979,0.0527,6.114,Critical Priority
17.395,0,0.01591,0.30845,11.949,Medium Priority
27.006,0,0.08047,0.20383,8.994,Critical Priority
2.752,5,0.00806,0.29588,11.67,Medium Priority
3.08,1,0.15815,0.23201,43.808,Critical Priority
4.403,19,0.06796,0.33616,21.835,Critical Priority
27.334,0,0.08577,0.77429,33.138,Critical Priority
42.469,4,0.18122,0.36949,25.661,Critical Priority
3.174,11,0.13926,0.05455,15.931,High Priority
21.249,0,0.13791,0.09075,23.461,Critical Priority
46.382,1,0.00498,0.08568,6.349,Critical Priority
1.807,7,0.09628,0.33682,14.649,High Priority
50.233,12,0.22258,0.17027,11.982,Critical Priority
13.607,3,0.02412,0.29823,1.941,Medium Priority
50.953,2,0.01855,0.43324,23.954,Critical Priority
15.01,5,0.09291,0.17081,33.957,Critical Priority
27.033,3,0.0438,0.26325,8.322,High Priority
19.865,1,0.17826,0.09271,6.454,Critical Priority
11.653,9,0.01961,0.09139,18.219,Medium Priority
10.083,0,0.01747,0.07204,28.503,Medium Priority
15.576,1,0.15571,0.53015,2.818,Critical Priority
25.159,5,0.14802,0.33433,6.764,Critical Priority
43.757,3,0.07899,0.42009,18.601,Critical Priority
16.641,3,0.18092,0.54624,5.272,Critical Priority
51.633,0,0.12162,0.46324,9.153,Critical Priority
42.528,10,0.09031,0.60568,3.611,Critical Priority
23.729,1,0.06232,0.29224,21.559,Critical Priority
19.306,5,0.06698,0.29026,10.037,High Priority
31.073,0,0.16456,0.27147,13.918,Critical Priority
6.708,3,0.16386,0.31987,8.006,Critical Priority
6.434,3,0.18663,0.20575,7.354,Critical Priority
16.435,15,0.03556,0.27461,24.526,High Priority
18.48,9,0.05139,0.58206,17.438,Critical Priority
27.523,21,0.03582,0.66277,2.327,Critical Priority
14.966,1,0.03465,0.13527,23.768,Medium Priority
50.824,8,0.03811,0.11817,1.12,Critical Priority
5.298,2,0.13298,0.74383,19.249,Critical Priority
27.037,0,0.0673,0.25538,7.253,Critical Priority
16.851,9,0.06407,0.0692,4.199,High Priority
43.636,5,0.14348,0.41377,8.035,Critical Priority
57.117,10,0.0373,0.23499,8.979,Critical Priority
6.775,1,0.10898,0.118,9.466,High Priority
2.527,3,0.0471,0.33296,15.775,Medium Priority
14.149,4,0.03728,0.27701,6.842,High Priority
22.112,1,0.0415,0.35259,13.198,High Priority
8.751,10,0.02072,0.1646,15.64,Medium Priority
13.766,1,0.01395,0.59097,3.324,High Priority
17.941,8,0.12835,0.45945,29.848,Critical Priority
42.938,16,0.02679,0.32387,22.524,Critical Priority
6.051,1,0.1692,0.36691,18.223,Critical Priority
10.878,1,0.07331,0.34646,1.819,High Priority
8.621,3,0.19305,0.37652,1.553,Critical Priority
23.622,21,0.02275,0.27539,35.75,Critical Priority
40.712,0,0.07287,0.40761,3.658,Critical Priority
19.868,1,0.07656,0.40726,13.651,Critical Priority
12.992,3,0.21374,0.08665,8.253,Critical Priority
5.277,0,0.13311,0.37042,28.214,Critical Priority
23.863,8,0.23155,0.41401,26.421,Critical Priority
14.186,1,0.04292,0.29661,14.514,High Priority
10.562,0,0.16249,0.25597,26.617,Critical Priority
14.384,1,0.07877,0.54491,27.155,Critical Priority
10.784,10,0.09897,0.03681,3.04,High Priority
8.687,0,0.00366,0.30165,14.546,Medium Priority
11.106,0,0.10213,0.50306,4.942,High Priority
13.301,2,0.02623,0.37917,3.399,Medium Priority
11.633,9,0.01435,0.09529,20.831,Medium Priority
34.544,1,0.01483,0.27383,12.816,High Priority
16.731,7,0.01617,0.24192,21.547,High Priority
5.707,7,0.12684,0.35569,1.584,High Priority
7.781,1,0.17284,0.20324,8.74,Critical Priority
9.588,3,0.10889,0.3042,28.451,Critical Priority
84.005,1,0.0414,0.32319,11.028,Critical Priority
12.579,1,0.05487,0.24746,14.307,High Priority
19.598,4,0.02153,0.2924,2.097,High Priority
2.78,16,0.09254,0.04541,13.178,High Priority
14.682,2,0.07249,0.04399,2.1,Medium Priority
45.721,19,0.18988,0.20795,24.814,Critical Priority
11.892,2,0.08727,0.3269,12.724,High Priority
46.703,5,0.02758,0.76042,6.563,Critical Priority
7.035,2,0.22177,0.42287,35.215,Critical Priority
18.057,0,0.15513,0.48217,21.335,Critical Priority
17.76,0,0.13704,0.11284,13.02,Critical Priority
9.282,12,0.18463,0.32162,14.045,Critical Priority
22.631,1,0.01669,0.32139,5.568,High Priority
32.69,14,0.11391,0.2491,36.82,Critical Priority
31.587,2,0.2057,0.20439,6.302,Critical Priority
51.225,0,0.05739,0.32115,5.597,Critical Priority
18.808,3,0.12894,0.49258,12.46,Critical Priority
38.211,10,0.04074,0.11476,12.855,Critical Priority
16.661,5,0.15109,0.5514,12.617,Critical Priority
21.72,9,0.16015,0.36923,25.332,Critical Priority
7.988,3,0.06017,0.23372,8.357,High Priority
15.741,1,0.02886,0.15842,1.262,Medium Priority
39.934,2,0.0083,0.38812,26.305,Critical Priority
22.648,4,0.12921,0.11001,19.071,Critical Priority
38.147,9,0.01016,0.36348,18.109,Critical Priority
18.099,0,0.09787,0.40942,37.868,Critical Priority
32.255,11,0.03338,0.02748,8.863,High Priority
27.788,0,0.08369,0.38023,17.278,Critical Priority
8.727,0,0.08708,0.07272,3.26,Medium Priority
3.499,1,0.05778,0.01452,24.744,Medium Priority
7.358,6,0.00183,0.26055,8.914,Medium Priority
2.931,0,0.0651,0.38176,2.785,Medium Priority
24.902,13,0.11381,0.30565,11.047,Critical Priority
28.943,6,0.05671,0.3982,19.535,Critical Priority
14.104,0,0.06671,0.53461,18.152,Critical Priority
21.605,1,0.01384,0.5533,8.588,High Priority
28.938,0,0.10662,0.21726,23.743,Critical Priority
18.956,3,0.08254,0.20373,17.348,Critical Priority
11.975,6,0.00518,0.20969,9.494,Medium Priority
8.056,1,0.06352,0.15633,14.684,Medium Priority
48.744,1,0.06802,0.31278,29.3,Critical Priority
15.853,2,0.05599,0.5967,13.873,Critical Priority
30.666,0,0.05079,0.57691,18.65,Critical Priority
15.963,15,0.08849,0.26,6.314,Critical Priority
40.086,0,0.03486,0.16074,2.801,High Priority
17.302,2,0.0866,0.26022,26.694,Critical Priority
43.105,3,0.20887,0.35727,29.533,Critical Priority
23.116,2,0.09099,0.37691,21.196,Critical Priority
3.251,9,0.03342,0.35016,2.049,Medium Priority
11.523,2,0.05831,0.30344,4.707,High Priority
20.06,2,0.06843,0.32465,29.814,Critical Priority
21.38,4,0.09748,0.72295,5.963,Critical Priority
40.002,3,0.01582,0.72885,19.445,Critical Priority
37.278,4,0.02503,0.26797,30.661,Critical Priority
23.734,1,0.06873,0.27995,0.727,High Priority
13.788,3,0.22737,0.23071,7.531,Critical Priority
4.914,2,0.05492,0.63788,7.613,High Priority
10.325,2,0.23033,0.52656,9.377,Critical Priority
10.726,1,0.04664,0.10586,4.586,Medium Priority
11.93,3,0.0231,0.47822,10.932,High Priority
14.915,2,0.12328,0.58051,21.687,Critical Priority
7.223,22,0.04368,0.58423,22.664,Critical Priority
23.968,11,0.07884,0.166,18.703,Critical Priority
3.32,1,0.10079,0.3963,13.346,High Priority
9.115,0,0.07601,0.22311,19.922,High Priority
17.313,0,0.19619,0.23808,35.098,Critical Priority
6.734,1,0.16147,0.22375,27.877,Critical Priority
4.153,3,0.16784,0.07233,29.312,Critical Priority
51.844,3,0.02195,0.33391,37.938,Critical Priority
23.893,2,0.1607,0.33098,28.325,Critical Priority
11.723,12,0.03839,0.34341,22.665,High Priority
36.589,9,0.02832,0.45615,5.929,Critical Priority
37.148,11,0.09421,0.56389,4.179,Critical Priority
19.435,0,0.01857,0.05817,9.719,Medium Priority
31.31,0,0.134,0.13907,20.626,Critical Priority
9.918,6,0.2368,0.16363,20.18,Critical Priority
22.711,0,0.17164,0.61976,7.402,Critical Priority
35.387,6,0.09313,0.44323,5.319,Critical Priority
15.398,0,0.12169,0.3808,5.807,Critical Priority
50.95,3,0.05372,0.3145,25.733,Critical Priority
11.42,0,0.18621,0.06376,8.182,Critical Priority
13.966,1,0.14032,0.44284,14.878,Critical Priority
12.337,1,0.00514,0.31863,6.847,Medium Priority
15.147,7,0.03615,0.11867,10.881,Medium Priority
5.566,0,0.05876,0.23317,7.34,Medium Priority
20.823,6,0.06439,0.12443,19.844,Critical Priority
27.889,1,0.16673,0.43919,16.211,Critical Priority
13.562,4,0.02954,0.25486,5.814,Medium Priority
53.493,11,0.02067,0.36853,23.178,Critical Priority
27.25,7,0.19868,0.46723,1.674,Critical Priority
2.034,8,0.01536,0.14691,20.628,Medium Priority
19.231,16,0.04256,0.07704,12.654,High Priority
51.522,0,0.02597,0.07407,17.008,Critical Priority
8.414,14,0.11023,0.39506,17.006,Critical Priority
3.217,13,0.0841,0.58551,6.284,High Priority
50.041,4,0.04045,0.39022,10.213,Critical Priority
22.985,9,0.05344,0.19732,8.315,High Priority
29.346,0,0.06785,0.36047,2.649,Critical Priority
2.786,3,0.06867,0.06272,2.571,Medium Priority
26.412,3,0.13477,0.22351,2.987,Critical Priority
13.861,20,0.10242,0.60093,10.242,Critical Priority
19.104,1,0.30707,0.24515,14.896,Critical Priority
48.958,3,0.03757,0.38395,10.657,Critical Priority
13.419,0,0.05972,0.74786,25.061,Critical Priority
28.25,3,0.06417,0.14719,20.532,Critical Priority
23.888,8,0.12157,0.54628,21.82,Critical Priority
37.231,6,0.0493,0.26777,4.901,Critical Priority
7.829,0,0.10215,0.20428,30.801,High Priority
16.809,0,0.18645,0.13662,19.95,Critical Priority
3.187,5,0.08613,0.41417,4.115,High Priority
15.818,4,0.12119,0.08171,6.769,High Priority
20.856,3,0.06289,0.0823,24.902,High Priority
23.773,1,0.21094,0.15758,2.236,Critical Priority
12.369,0,0.09248,0.43917,19.05,Critical Priority
19.863,7,0.14184,0.22478,13.945,Critical Priority
36.665,4,0.09644,0.17882,19.112,Critical Priority
11.932,7,0.27629,0.52235,18.377,Critical Priority
5.8,6,0.03606,0.07251,1.436,Low Priority
10.508,3,0.2109,0.58748,26.515,Critical Priority
25.226,2,0.16656,0.31536,14.649,Critical Priority
11.153,0,0.02449,0.24777,22.727,Medium Priority
21.774,3,0.09409,0.12111,2.472,High Priority
16.328,3,0.01691,0.31734,9.177,Medium Priority
37.32,1,0.05689,0.13191,5.097,Critical Priority
20.741,10,0.09555,0.52234,32.172,Critical Priority
30.569,5,0.03816,0.39434,26.051,Critical Priority
49.281,0,0.09812,0.65108,5.883,Critical Priority
7.887,13,0.02797,0.16914,16.676,Medium Priority
17.924,4,0.05357,0.1032,2.14,Medium Priority
23.092,1,0.23816,0.13305,5.778,Critical Priority
23.392,14,0.02902,0.78617,24.494,Critical Priority
19.355,3,0.0307,0.34618,1.304,High Priority
4.818,9,0.20286,0.34137,12.24,Critical Priority
12.692,4,0.14773,0.25547,11.883,Critical Priority
30.919,1,0.01265,0.53846,29.272,Critical Priority
6.978,6,0.0175,0.15869,8.93,Medium Priority
31.522,1,0.00012,0.29683,40.218,Critical Priority
26.488,1,0.0384,0.3712,9.04,High Priority
14.081,2,0.07513,0.51156,5.02,High Priority
20.396,2,0.10675,0.40282,7.614,Critical Priority
17.912,4,0.07867,0.6224,5.08,Critical Priority
25.1,7,0.06742,0.14558,17.722,Critical Priority
6.989,2,0.05813,0.2343,21.561,High Priority
22.951,3,0.01821,0.55168,4.143,High Priority
25.504,0,0.08813,0.31071,20.168,Critical Priority
23.612,3,0.17387,0.48105,4.266,Critical Priority
15.942,1,0.04,0.32146,35.528,High Priority
20.811,1,0.09783,0.35955,6.498,High Priority
16.604,2,0.1941,0.08626,8.049,Critical Priority
43.747,3,0.20935,0.43524,2.362,Critical Priority
21.55,6,0.06439,0.38871,20.6,Critical Priority
21.846,3,0.01201,0.11164,5.988,Medium Priority
33.146,0,0.18046,0.28941,12.794,Critical Priority
10.702,13,0.09318,0.18761,21.873,Critical Priority
13.566,1,0.05128,0.68351,45.763,Critical Priority
17.361,3,0.05585,0.23505,28.788,Critical Priority
46.976,15,0.00552,0.06441,6.013,Critical Priority
23.702,13,0.12693,0.5362,26.92,Critical Priority
16.043,4,0.02443,0.43582,4.581,Medium Priority
12.522,6,0.04036,0.24142,0.173,Medium Priority
13.137,9,0.0771,0.3206,2.842,High Priority
8.866,1,0.23135,0.38413,14.561,Critical Priority
22.8,6,0.10601,0.42037,5.62,Critical Priority
19.52,1,0.12827,0.27106,46.823,Critical Priority
4.602,6,0.09807,0.38223,10.195,High Priority
47.512,2,0.07196,0.47705,16.834,Critical Priority
18.937,1,0.01324,0.0918,22.488,Medium Priority
37.237,8,0.15015,0.12922,9.658,Critical Priority
11.884,0,0.06417,0.20332,4.09,Medium Priority
29.967,5,0.04385,0.10424,8.028,High Priority
2.243,0,0.02532,0.70306,17.354,High Priority
30.755,3,0.04804,0.12405,34.292,Critical Priority
30.741,9,0.01255,0.4986,22.121,Critical Priority
11.543,8,0.07747,0.09943,8.856,High Priority
9.015,3,0.02962,0.17758,3.556,Medium Priority
17.933,2,0.04922,0.46465,19.654,High Priority
24.829,1,0.02237,0.57665,2.991,High Priority
12.179,0,0.06271,0.11143,10.074,Medium Priority
2.08,0,0.29881,0.43797,11.795,Critical Priority
11.707,1,0.10111,0.06537,3.122,High Priority
16.35,0,0.00273,0.11317,10.746,Medium Priority
19.451,6,0.09555,0.51131,7.338,Critical Priority
25.754,0,0.09716,0.67416,14.321,Critical Priority
34.215,8,0.22691,0.55207,15.154,Critical Priority
55.951,1,0.04991,0.52465,6.289,Critical Priority
20.297,9,0.02854,0.3734,15.863,High Priority
32.82,6,0.1663,0.24118,14.23,Critical Priority
6.991,1,0.06776,0.60171,2.842,High Priority
5.736,5,0.08302,0.39324,30.161,Critical Priority
38.968,20,0.00928,0.185,19.955,Critical Priority
10.348,2,0.11502,0.10885,9.784,High Priority
33.841,1,0.04988,0.17578,17.328,Critical Priority
0.811,6,0.14243,0.28817,25.664,Critical Priority
43.635,7,0.05974,0.23902,28.122,Critical Priority
4.247,3,0.10544,0.49056,4.13,High Priority
39.823,0,0.01428,0.12818,20.165,Critical Priority
13.963,0,0.03045,0.35972,9.694,High Priority
30.8,13,0.19328,0.04835,19.159,Critical Priority
20.376,4,0.08011,0.20045,17.278,Critical Priority
19.956,1,0.1418,0.59907,0.847,Critical Priority
13.588,4,0.19741,0.17594,25.5,Critical Priority
28.828,3,0.06273,0.44976,9.24,Critical Priority
52.265,0,0.25781,0.08834,29.078,Critical Priority
34.047,0,0.17766,0.18542,13.298,Critical Priority
12.117,2,0.14385,0.32895,5.134,Critical Priority
28.962,20,0.03892,0.51725,4.585,Critical Priority
7.715,2,0.09142,0.34322,5.1,High Priority
9.041,4,0.15812,0.36409,27.495,Critical Priority
16.068,0,0.065,0.13506,21.83,High Priority
14.779,2,0.07334,0.31929,7.179,High Priority
17.052,2,0.05728,0.33228,11.43,High Priority
23.488,6,0.10548,0.26651,3.56,Critical Priority
31.895,1,0.09092,0.57322,3.406,Critical Priority
21.959,12,0.08294,0.1406,11.784,Critical Priority
39.167,0,0.1405,0.08335,13.626,Critical Priority
55.207,10,0.03099,0.34743,10.625,Critical Priority
39.777,0,0.05184,0.46236,5.361,Critical Priority
26.748,9,0.09043,0.33016,12.946,Critical Priority
18.357,3,0.18236,0.43684,14.751,Critical Priority
47.981,23,0.05297,0.64587,2.436,Critical Priority
21.746,0,0.03646,0.20119,9.684,Medium Priority
28.973,4,0.14316,0.10866,10.087,Critical Priority
40.09,17,0.06828,0.49799,16.09,Critical Priority
13.669,4,0.07306,0.22233,0.854,High Priority
3.555,13,0.09132,0.32004,3.997,High Priority
23.226,0,0.06387,0.39914,24.405,Critical Priority
28.841,1,0.10034,0.41007,3.532,Critical Priority
19.813,1,0.00947,0.83014,1.992,High Priority
58.549,3,0.02663,0.3859,20.505,Critical Priority
20.496,2,0.02239,0.09407,10.449,Medium Priority
39.025,0,0.23267,0.75512,14.954,Critical Priority
24.405,5,0.05144,0.59096,14.499,Critical Priority
4.712,2,0.04364,0.37201,16.608,High Priority
3.852,14,0.0687,0.4413,24.301,Critical Priority
45.776,1,0.05639,0.19055,7.075,Critical Priority
22.993,6,0.12502,0.4587,8.214,Critical Priority
17.015,3,0.02916,0.14663,13.342,Medium Priority
21.804,10,0.06374,0.29364,10.357,Critical Priority
14.276,1,0.01516,0.19877,24.683,Medium Priority
38.282,0,0.08674,0.32984,22.056,Critical Priority
33.714,0,0.0756,0.37175,20.181,Critical Priority
13.6,0,0.0217,0.08105,11.886,Medium Priority
28.143,5,0.05541,0.41478,17.315,Critical Priority
43.223,1,0.15625,0.10105,24.183,Critical Priority
26.878,8,0.02218,0.46987,10.612,Critical Priority
3.95,3,0.1095,0.38503,13.203,High Priority
23.467,13,0.0929,0.18618,8.099,Critical Priority
13.007,2,0.22543,0.09297,6.099,Critical Priority
44.58,1,0.06477,0.43766,9.6,Critical Priority
45.342,6,0.0106,0.51671,1.6,Critical Priority
40.459,0,0.14953,0.19682,15.581,Critical Priority
20.662,17,0.10333,0.3258,3.833,Critical Priority
15.955,0,0.11153,0.23973,12.951,Critical Priority
52.189,4,0.05819,0.86712,5.24,Critical Priority
2.906,5,0.02897,0.24056,19.475,Medium Priority
11.967,8,0.22073,0.3291,24.236,Critical Priority
23.547,1,0.04637,0.65293,2.045,High Priority
32.228,3,0.33072,0.19162,23.92,Critical Priority
18.876,1,0.04813,0.35072,8.19,High Priority
23.163,0,0.07685,0.3457,6.495,High Priority
5.669,6,0.07416,0.39568,3.241,High Priority
17.839,5,0.0745,0.23926,12.172,High Priority
55.795,12,0.02133,0.78264,16.182,Critical Priority
47.986,1,0.02738,0.4161,11.182,Critical Priority
31.179,1,0.11071,0.24673,24.045,Critical Priority
7.254,1,0.181,0.13572,28.653,Critical Priority
12.315,0,0.05947,0.47033,19.438,Critical Priority
11.207,5,0.08827,0.35916,20.925,High Priority
24.997,0,0.16693,0.35307,25.661,Critical Priority
13.249,2,0.02551,0.46818,13.05,High Priority
5.654,3,0.25193,0.33575,11.744,Critical Priority
22.018,3,0.18538,0.29025,13.228,Critical Priority
46.972,16,0.06035,0.21066,5.258,Critical Priority
6.628,0,0.18224,0.56629,26.075,Critical Priority
33.957,0,0.07751,0.43633,24.96,Critical Priority
23.487,6,0.09824,0.14141,5.582,Critical Priority
50.622,7,0.15947,0.40978,22.872,Critical Priority
5.97,9,0.18526,0.32132,4.491,Critical Priority
18.9,6,0.08897,0.39323,6.519,Critical Priority
32.956,1,0.04782,0.29091,8.119,Critical Priority
4.134,6,0.0545,0.10794,4.705,Medium Priority
8.936,9,0.09855,0.21895,28.123,Critical Priority
6.054,7,0.12971,0.31714,17.95,Critical Priority
3.169,0,0.03076,0.23943,3.157,Low Priority
22.911,1,0.08588,0.4003,20.095,Critical Priority
6.181,0,0.17613,0.26569,12.723,Critical Priority
4.203,9,0.04736,0.33158,13.785,High Priority
22.449,3,0.13958,0.38879,26.942,Critical Priority
21.342,1,0.01247,0.1737,12.599,Medium Priority
6.505,0,0.03323,0.16627,8.235,Medium Priority
42.388,0,0.07043,0.22648,23.595,Critical Priority
42.64,6,0.11064,0.13513,3.098,Critical Priority
0.659,0,0.05811,0.44706,18.617,Medium Priority
31.851,4,0.07832,0.5695,7.602,Critical Priority
19.604,1,0.01937,0.14484,16.415,Medium Priority
3.776,0,0.04603,0.61824,18.933,High Priority
13.998,0,0.06356,0.48878,18.092,High Priority
8.491,2,0.19938,0.33376,2.356,Critical Priority
26.048,2,0.00229,0.1765,17.968,Medium Priority
20.584,12,0.10553,0.29283,13.539,Critical Priority
9.352,2,0.23306,0.34946,20.595,Critical Priority
21.869,0,0.05087,0.14341,15.586,High Priority
21.104,4,0.01316,0.41478,3.663,High Priority
7.662,0,0.03905,0.12364,10.417,Medium Priority
34.77,14,0.15525,0.40763,16.721,Critical Priority
16.3,10,0.00834,0.68125,25.17,Critical Priority
17.54,6,0.01293,0.31703,2.666,Medium Priority
39.203,12,0.13775,0.21712,9.0,Critical Priority
49.205,3,0.01929,0.52392,4.686,Critical Priority
32.482,8,0.17492,0.58712,23.49,Critical Priority
12.796,3,0.16471,0.40578,8.65,Critical Priority
43.288,26,0.13774,0.27547,18.823,Critical Priority
6.182,3,0.0521,0.62237,9.058,High Priority
5.093,4,0.02165,0.14374,1.772,Low Priority
4.147,3,0.20957,0.48953,9.603,Critical Priority
9.016,4,0.07166,0.43362,13.491,High Priority
27.228,18,0.13093,0.2142,8.804,Critical Priority
38.957,0,0.08463,0.20206,29.697,Critical Priority
13.155,0,0.08046,0.09739,14.895,High Priority
42.587,3,0.10877,0.18029,16.487,Critical Priority
2.401,3,0.05409,0.16308,2.752,Medium Priority
31.854,2,0.20802,0.0981,5.863,Critical Priority
10.405,0,0.28944,0.34,6.584,Critical Priority
18.004,7,0.02555,0.26123,19.081,High Priority
21.793,1,0.04234,0.59022,1.343,High Priority
22.917,7,0.15386,0.33548,7.448,Critical Priority
25.694,22,0.11747,0.46628,2.592,Critical Priority
8.549,12,0.07668,0.35906,4.711,High Priority
21.836,1,0.10798,0.5218,6.667,Critical Priority
10.029,1,0.04533,0.41995,20.201,High Priority
5.708,1,0.12847,0.21628,29.684,Critical Priority
23.751,6,0.08259,0.38769,11.129,Critical Priority
19.835,7,0.00239,0.21771,17.443,High Priority
2.757,0,0.10679,0.05202,19.416,High Priority
6.426,2,0.08997,0.15086,31.923,High Priority
3.54,10,0.09393,0.32283,34.99,Critical Priority
47.634,4,0.09166,0.58775,9.335,Critical Priority
4.952,4,0.01812,0.29644,1.575,Medium Priority
22.068,1,0.15359,0.534,4.757,Critical Priority
19.719,2,0.11363,0.33763,3.538,Critical Priority
41.684,5,0.03203,0.34474,8.8,Critical Priority
2.332,6,0.06662,0.26737,6.909,Medium Priority
